DELETE,NEEDS_BETTER_COVER,NEEDS_ISBN,type,business_genre,subject,era_subject,era_published,geography,TAGS,NOTES_MINE,book_id,title_short,title_full,author,author_lastname,isbn13,isbn10,asin,amazon_url,link_type,cover_file,cover_width,cover_height,cover_quality,cover_source,cover_source_url,cover_notes,my_rating,date_read,date_added,publisher,binding,pages,year_published,original_pub_year,id_confidence,id_notes,source_block,goodreads_title,goodreads_author
,,,non-fiction,,memoir;science,mid-20th-century,1980s,united-states,1980s;memoir;mid-20th-century;non-fiction;science;united-states,,feynman_surely-youre-joking-mr-feynman,"""Surely You're Joking, Mr. Feynman!""","""Surely You're Joking, Mr. Feynman!"": Adventures of a Curious Character",Richard P. Feynman,feynman,9780393355628,0393355624,,https://www.amazon.com/dp/0393355624?tag=redrock07-20,direct,feynman_surely-youre-joking-mr-feynman.png,332,500,good,isbn13,https://covers.openlibrary.org/b/isbn/9780393355628-L.jpg?default=false,,5,10/2/2025,6/28/2025,W. W. Norton & Company,Paperback,400,2018,1985,high,,block02_r3c3.png,"""Surely You're Joking, Mr. Feynman!"": Adventures of a Curious Character",Richard P. Feynman
,,,non-fiction,personal-effectiveness,psychology;philosophy,timeless,2010s,global,2010s;global;non-fiction;personal-effectiveness;philosophy;psychology;timeless,,peterson_12-rules-for-life,12 Rules for Life,12 Rules for Life: An Antidote to Chaos,Jordan B. Peterson,peterson,9780345816023,0345816021,,https://www.amazon.com/dp/0345816021?tag=redrock07-20,direct,peterson_12-rules-for-life.png,331,500,good,isbn13,https://covers.openlibrary.org/b/isbn/9780345816023-L.jpg?default=false,,4,1/30/2023,12/31/2023,Random House Canada,Hardcover,409,2018,2018,high,a sliver of the row above is clipped into the top of the source screenshot,block07_r1c6.png,12 Rules for Life: An Antidote to Chaos,Jordan B. Peterson
,,,non-fiction,leadership,history;war,early-modern,2000s,united-states,2000s;early-modern;history;leadership;non-fiction;united-states;war,,mccullough_1776,1776,1776,David McCullough,mccullough,9780743226721,0743226720,,https://www.amazon.com/dp/0743226720?tag=redrock07-20,direct,mccullough_1776.png,318,500,good,isbn13,https://covers.openlibrary.org/b/isbn/9780743226721-L.jpg?default=false,,0,,8/11/2018,Simon  Schuster,Paperback,386,2006,2005,high,,block01_r3c1.png,1776,David McCullough
,,,fiction,,politics;philosophy,timeless,1940s,britain,1940s;britain;fiction;philosophy;politics;timeless,,orwell_1984,1984,1984,George Orwell,orwell,9780452262935,0452262933,,https://www.amazon.com/dp/0452262933?tag=redrock07-20,direct,orwell_1984.png,327,500,good,search,https://covers.openlibrary.org/b/id/8745958-L.jpg,,5,,8/11/2018,New American Library,Mass Market Paperback,328,1950,1949,high,,block04_r4c4.png,1984,George Orwell
,,,non-fiction,strategy,history;technology;philosophy,contemporary,2010s,global,2010s;contemporary;global;history;non-fiction;philosophy;strategy;technology,,harari_21-lessons-for-the-21st-century,21 Lessons for the 21st Century,21 Lessons for the 21st Century,Yuval Noah Harari,harari,9780525512172,0525512179,,https://www.amazon.com/dp/0525512179?tag=redrock07-20,direct,harari_21-lessons-for-the-21st-century.png,318,500,good,isbn13,https://covers.openlibrary.org/b/isbn/9780525512172-L.jpg?default=false,,2,10/28/2025,10/17/2025,Random House,Hardcover,372,2018,2018,high,,block02_r1c3.png,21 Lessons for the 21st Century,Yuval Noah Harari
,,,non-fiction,innovation,history;technology,multi-era,2020s,global,2020s;global;history;innovation;multi-era;non-fiction;technology,,standage_a-brief-history-of-motion,A Brief History of Motion,"A Brief History of Motion: From the Wheel, to the Car, to What Comes Next",Tom Standage,standage,9781635573619,1635573610,,https://www.amazon.com/dp/1635573610?tag=redrock07-20,direct,standage_a-brief-history-of-motion.png,329,500,good,isbn13,https://covers.openlibrary.org/b/isbn/9781635573619-L.jpg?default=false,,5,8/12/2026,6/3/2026,Bloomsbury Publishing,Hardcover,272,2021,2021,high,,block03_r1c6.png,"A Brief History of Motion: From the Wheel, to the Car, to What Comes Next",Tom Standage
,,,non-fiction,,science;space,timeless,1980s,space,1980s;non-fiction;science;space;timeless,,hawking_a-brief-history-of-time,A Brief History of Time,A Brief History of Time,Stephen Hawking,hawking,9780553380163,0553380168,,https://www.amazon.com/dp/0553380168?tag=redrock07-20,direct,hawking_a-brief-history-of-time.png,328,500,good,isbn13,https://covers.openlibrary.org/b/isbn/9780553380163-L.jpg?default=false,,4,7/29/2025,7/22/2025,Bantam Books,Paperback,226,1998,1988,high,,block02_r2c6.png,A Brief History of Time,Stephen W. Hawking
,,,non-fiction,economics,history;food,multi-era,2000s,global,2000s;economics;food;global;history;multi-era;non-fiction,,standage_a-history-of-the-world-in-6-glasses,A History of the World in 6 Glasses,A History of the World in 6 Glasses,Tom Standage,standage,9780802715524,0802715524,,https://www.amazon.com/dp/0802715524?tag=redrock07-20,direct,standage_a-history-of-the-world-in-6-glasses.png,333,500,good,isbn13,https://covers.openlibrary.org/b/isbn/9780802715524-L.jpg?default=false,,5,11/13/2025,9/3/2025,Bloomsbury,Paperback,336,2006,2005,high,,block02_r2c2.png,A History of the World in 6 Glasses,Tom Standage
,,,non-fiction,,memoir,contemporary,2020s,east-asia,2020s;contemporary;east-asia;memoir;non-fiction,,kim_a-necessary-lie,A Necessary Lie,A Necessary Lie,Doohyun Kim,kim,9798987029718,,B0CH3XJJ45,https://www.amazon.com/dp/B0CH3XJJ45?tag=redrock07-20,direct-asin,kim_a-necessary-lie.png,257,385,usable,hand-sourced,FOUND/kim_a-necessary-lie.jpg,,5,10/6/2024,9/12/2024,,Kindle Edition,439,2023,,high,byline is not legible on the cover - author supplied by user (amazon.com/dp/B0CH3XJJ45); cover shows a co-author credit that remains illegible,block06_r3c4.png,A Necessary Lie: Escape for Freedom and Love,Doohyun Kim
,,,non-fiction,leadership,biography;history;politics,19th-century,2000s,united-states,19th-century;2000s;biography;history;leadership;non-fiction;politics;united-states,,white_a-lincoln,A. Lincoln,A. Lincoln: A Biography,"Ronald C. White, Jr.",white,9781400064991,1400064996,,https://www.amazon.com/dp/1400064996?tag=redrock07-20,direct,white_a-lincoln.png,332,500,good,search,https://covers.openlibrary.org/b/id/7316596-L.jpg,,5,2/9/2019,2/9/2019,Random House ,Hardcover,816,2009,2009,medium,title appears as a signature; subtitle too small to confirm on the cover,block04_r1c5.png,A. Lincoln,Ronald C. White Jr.
,,,non-fiction,leadership;economics,biography;history;politics,early-modern,2000s,united-states,2000s;biography;early-modern;economics;history;leadership;non-fiction;politics;united-states,,chernow_alexander-hamilton,Alexander Hamilton,Alexander Hamilton,Ron Chernow,chernow,9780143034759,0143034758,,https://www.amazon.com/dp/0143034758?tag=redrock07-20,direct,chernow_alexander-hamilton.png,328,500,good,search,https://covers.openlibrary.org/b/id/8261375-L.jpg,,0,,8/11/2018,Penguin Books,Paperback,818,2005,2004,high,,block01_r2c2.png,Alexander Hamilton,Ron Chernow
,,,fiction,,memoir;nature,early-20th-century,1970s,britain,1970s;britain;early-20th-century;fiction;memoir;nature,,herriot_all-creatures-great-and-small,All Creatures Great and Small,All Creatures Great and Small,James Herriot,herriot,9781250057839,1250057833,,https://www.amazon.com/dp/1250057833?tag=redrock07-20,direct,herriot_all-creatures-great-and-small.png,324,500,good,isbn13,https://covers.openlibrary.org/b/isbn/9781250057839-L.jpg?default=false,,0,,8/11/2018,Griffin,Paperback,442,2014,1970,high,,block01_r1c5.png,All Creatures Great and Small (All Creatures Great and Small #1-2),James Herriot
,,,non-fiction,,true-crime;science;biography,early-20th-century,2020s,united-states,2020s;biography;early-20th-century;non-fiction;science;true-crime;united-states,,dawson_american-sherlock,American Sherlock,"American Sherlock: Murder, Forensics, and the Birth of American CSI",Kate Winkler Dawson,dawson,9780525539551,0525539557,,https://www.amazon.com/dp/0525539557?tag=redrock07-20,direct,dawson_american-sherlock.png,329,499,good,isbn13,https://covers.openlibrary.org/b/isbn/9780525539551-L.jpg?default=false,,4,7/20/2024,7/5/2024,G.P. Putnam's Sons,Hardcover,336,2020,2020,medium,subtitle read at low resolution,block06_r4c2.png,"American Sherlock: Murder, Forensics, and the Birth of American CSI",Kate Winkler Dawson
,,,non-fiction,economics,history;economics,multi-era,2010s,global,2010s;economics;global;history;multi-era;non-fiction,,harreld_an-economic-history-of-the-world-since-1400,An Economic History of the World since 1400,An Economic History of the World since 1400,Donald Harreld,harreld,9781629973128,1629973122,,https://www.amazon.com/dp/1629973122?tag=redrock07-20,direct,harreld_an-economic-history-of-the-world-since-1400.png,351,500,good,user-isbn,https://covers.openlibrary.org/b/isbn/9781629973128-L.jpg,,0,,8/11/2018,The Great Courses,Audible Audio,25,2016,2016,high,Great Courses; lecturer name is illegible on the cover - supplied by user (audible.com/pd/B01K4ZNTFS),block01_r4c3.png,An Economic History of the World since 1400,Donald J. Harreld
,,,non-fiction,leadership,history;war,ancient,2000s,ancient-rome,2000s;ancient;ancient-rome;history;leadership;non-fiction;war,,baker_ancient-rome,Ancient Rome,Ancient Rome: The Rise and Fall of an Empire,Simon Baker,baker,9781846072840,1846072840,,https://www.amazon.com/dp/1846072840?tag=redrock07-20,direct,baker_ancient-rome.png,320,500,good,isbn13,https://covers.openlibrary.org/b/isbn/9781846072840-L.jpg?default=false,,3,,8/11/2018,BBC Physical Audio,Paperback,447,2007,2006,high,,block01_r2c6.png,Ancient Rome: The Rise and Fall of An Empire,Simon Baker
,,,fiction,,politics;philosophy,timeless,1940s,russia,1940s;fiction;philosophy;politics;russia;timeless,,orwell_animal-farm,Animal Farm,Animal Farm,George Orwell,orwell,9780451526342,0451526341,,https://www.amazon.com/dp/0451526341?tag=redrock07-20,direct,orwell_animal-farm.png,330,500,good,search,https://covers.openlibrary.org/b/id/11261770-L.jpg,,0,,8/11/2018,Plume,Paperback,129,2003,1945,high,"Centennial Edition, foreword by Ann Patchett",block04_r3c1.png,Animal Farm,George Orwell
,,,non-fiction,economics,economics,contemporary,2000s,global,2000s;contemporary;economics;global;non-fiction,,sowell_applied-economics,Applied Economics,Applied Economics: Thinking Beyond Stage One,Thomas Sowell,sowell,9780465081431,0465081436,,https://www.amazon.com/dp/0465081436?tag=redrock07-20,direct,sowell_applied-economics.png,317,475,good,isbn13,https://covers.openlibrary.org/b/isbn/9780465081431-L.jpg?default=false,,5,1/29/2021,1/4/2021,Basic Books,Hardcover,256,2003,2003,high,,block05_r3c1.png,Applied Economics: Thinking Beyond Stage One,Thomas Sowell
,,,non-fiction,,history,ancient,2020s,mesopotamia,2020s;ancient;history;mesopotamia;non-fiction,,frahm_assyria,Assyria,Assyria: The Rise and Fall of the World's First Empire,Eckart Frahm,frahm,9781541674400,1541674405,,https://www.amazon.com/dp/1541674405?tag=redrock07-20,direct,frahm_assyria.png,323,500,good,isbn13,https://covers.openlibrary.org/b/isbn/9781541674400-L.jpg?default=false,,3,6/3/2026,2/14/2026,Basic Books,Hardcover,528,2023,2023,high,,block03_r3c1.png,Assyria: The Rise and Fall of the World’s First Empire,Eckart Frahm
,,,non-fiction,,science;space,timeless,2010s,space,2010s;non-fiction;science;space;timeless,,tyson_astrophysics-for-people-in-a-hurry,Astrophysics for People in a Hurry,Astrophysics for People in a Hurry,Neil deGrasse Tyson,tyson,9780393609394,0393609391,,https://www.amazon.com/dp/0393609391?tag=redrock07-20,direct,tyson_astrophysics-for-people-in-a-hurry.png,308,500,good,isbn13,https://covers.openlibrary.org/b/isbn/9780393609394-L.jpg?default=false,,5,5/28/2025,5/23/2025,W. W. Norton & Company,Hardcover,223,2017,2017,high,,block02_r4c1.png,Astrophysics for People in a Hurry,Neil deGrasse Tyson
,,,fiction,entrepreneurship,politics;philosophy,timeless,1950s,united-states,1950s;entrepreneurship;fiction;philosophy;politics;timeless;united-states,,rand_atlas-shrugged,Atlas Shrugged,Atlas Shrugged,Ayn Rand,rand,9780452011878,0452011876,,https://www.amazon.com/dp/0452011876?tag=redrock07-20,direct,rand_atlas-shrugged.png,326,500,good,isbn13,https://covers.openlibrary.org/b/isbn/9780452011878-L.jpg?default=false,,5,6/13/2020,8/11/2018,Plume,Paperback,1168,1999,1957,high,,block01_r3c6.png,Atlas Shrugged,Ayn Rand
,,,non-fiction,productivity;personal-effectiveness,psychology,timeless,2010s,global,2010s;global;non-fiction;personal-effectiveness;productivity;psychology;timeless,,clear_atomic-habits,Atomic Habits,Atomic Habits: An Easy & Proven Way to Build Good Habits & Break Bad Ones,James Clear,clear,9780735211292,0735211299,,https://www.amazon.com/dp/0735211299?tag=redrock07-20,direct,clear_atomic-habits.png,369,500,good,ol-search2,https://covers.openlibrary.org/b/id/12539702-L.jpg,,5,10/2/2019,9/19/2019,Avery,Kindle Edition,319,2018,2018,high,,block05_r4c2.png,Atomic Habits: An Easy & Proven Way to Build Good Habits & Break Bad Ones,James Clear
,,,non-fiction,,biography,mid-20th-century,2000s,united-states,2000s;biography;mid-20th-century;non-fiction;united-states,,heller_ayn-rand-and-the-world-she-made,Ayn Rand and the World She Made,Ayn Rand and the World She Made,Anne C. Heller,heller,9780385513999,0385513992,,https://www.amazon.com/dp/0385513992?tag=redrock07-20,direct,heller_ayn-rand-and-the-world-she-made.png,328,500,good,isbn13,https://covers.openlibrary.org/b/isbn/9780385513999-L.jpg?default=false,,5,3/21/2025,3/7/2025,Nan A. Talese,Hardcover,568,2009,2009,high,,block06_r1c4.png,Ayn Rand and the World She Made,Anne C. Heller
,,,non-fiction,leadership,history;war,wwii,1990s,europe,1990s;europe;history;leadership;non-fiction;war;wwii,,ambrose_band-of-brothers,Band of Brothers,Band of Brothers,Stephen E. Ambrose,ambrose,9780743464116,0743464117,,https://www.amazon.com/dp/0743464117?tag=redrock07-20,direct,ambrose_band-of-brothers.png,994,1500,good,hand-sourced,FOUND/ambrose_band-of-brothers.jpg,,0,,3/24/2019,Simon & Schuster,Paperback,432,2002,1992,high,,block04_r1c3.png,"Band of Brothers: E Company, 506th Regiment, 101st Airborne from Normandy to Hitler's Eagle's Nest",Stephen E. Ambrose
,,,non-fiction,economics,economics,timeless,2000s,global,2000s;economics;global;non-fiction;timeless,,sowell_basic-economics,Basic Economics,Basic Economics: A Citizen's Guide to the Economy,Thomas Sowell,sowell,9780465081455,0465081452,,https://www.amazon.com/dp/0465081452?tag=redrock07-20,direct,sowell_basic-economics.png,315,475,good,isbn13,https://covers.openlibrary.org/b/isbn/9780465081455-L.jpg?default=false,,0,,11/5/2021,Basic Books,Hardcover,448,2003,2000,high,,block05_r1c6.png,Basic Economics: A Citizen's Guide to the Economy,Thomas Sowell
,,,non-fiction,personal-effectiveness,memoir;psychology,contemporary,2020s,united-states,2020s;contemporary;memoir;non-fiction;personal-effectiveness;psychology;united-states,,schwarzenegger_be-useful,Be Useful,Be Useful: Seven Tools for Life,Arnold Schwarzenegger,schwarzenegger,9780593655955,0593655958,,https://www.amazon.com/dp/0593655958?tag=redrock07-20,direct,schwarzenegger_be-useful.png,331,500,good,isbn13,https://covers.openlibrary.org/b/isbn/9780593655955-L.jpg?default=false,,5,9/5/2026,9/3/2026,Penguin Press,Hardcover,288,2023,2023,high,,block03_r1c1.png,Be Useful: Seven Tools for Life,Arnold Schwarzenegger
,,,non-fiction,leadership;personal-effectiveness,memoir;psychology,contemporary,2020s,united-states,2020s;contemporary;leadership;memoir;non-fiction;personal-effectiveness;psychology;united-states,,oneil_be-where-your-feet-are,Be Where Your Feet Are,"Be Where Your Feet Are: Seven Principles to Keep You Present, Grounded, and Thriving",Scott M. O'Neil,oneil,9781250769879,1250769876,,https://www.amazon.com/dp/1250769876?tag=redrock07-20,direct,oneil_be-where-your-feet-are.png,978,1500,good,hand-sourced,FOUND/oneil_be-where-your-feet-are.jpg,,0,,11/5/2021,St. Martin's Essentials,Hardcover,272,2021,,high,with Randall A. Wright,block05_r2c2.png,"Be Where Your Feet Are: Seven Principles to Keep You Present, Grounded, and Thriving",Scott M. O'Neil
,,,non-fiction,entrepreneurship;leadership,biography;history,early-modern,2000s,united-states,2000s;biography;early-modern;entrepreneurship;history;leadership;non-fiction;united-states,,isaacson_benjamin-franklin,Benjamin Franklin,Benjamin Franklin: An American Life,Walter Isaacson,isaacson,9780743258074,074325807X,,https://www.amazon.com/dp/074325807X?tag=redrock07-20,direct,isaacson_benjamin-franklin.png,457,500,good,isbn13,https://covers.openlibrary.org/b/isbn/9780743258074-L.jpg?default=false,,5,,9/19/2019,Simon & Schuster,Paperback,586,2004,2003,high,,block05_r4c3.png,Benjamin Franklin: An American Life,Walter Isaacson
,,,non-fiction,,biography;history;essays,multi-era,1990s,united-states,1990s;biography;essays;history;multi-era;non-fiction;united-states,,mccullough_brave-companions,Brave Companions,Brave Companions: Portraits in History,David McCullough,mccullough,9781668003541,1668003546,,https://www.amazon.com/dp/1668003546?tag=redrock07-20,direct,mccullough_brave-companions.png,994,1500,good,hand-sourced,FOUND/mccullough_brave-companions.jpg,,0,,8/11/2018,Simon Schuster,Paperback,240,1992,1991,high,,block01_r3c3.png,Brave Companions: Portraits in History,David McCullough
,,,non-fiction,strategy;entrepreneurship;investing,biography;technology,late-20th-century,2000s,united-states,2000s;biography;entrepreneurship;investing;late-20th-century;non-fiction;strategy;technology;united-states,,robichaux_cable-cowboy,Cable Cowboy,Cable Cowboy: John Malone and the Rise of the Modern Cable Business,Mark Robichaux,robichaux,9780471706373,047170637X,,https://www.amazon.com/dp/047170637X?tag=redrock07-20,direct,robichaux_cable-cowboy.png,323,500,good,isbn13,https://covers.openlibrary.org/b/isbn/9780471706373-L.jpg?default=false,,0,2/28/2023,8/11/2018,Wiley,Paperback,336,2005,2002,high,,block01_r1c1.png,Cable Cowboy,Mark Robichaux
,,,non-fiction,economics,economics;philosophy;politics,timeless,1940s,united-states,1940s;economics;non-fiction;philosophy;politics;timeless;united-states,,rand_capitalism,Capitalism,Capitalism: The Unknown Ideal,Ayn Rand,rand,9780451147950,0451147952,,https://www.amazon.com/dp/0451147952?tag=redrock07-20,direct,rand_capitalism.png,304,500,good,isbn13,https://covers.openlibrary.org/b/isbn/9780451147950-L.jpg?default=false,,5,11/6/2025,10/28/2025,Signet,Mass Market Paperback,340,1986,1946,high,source crop was clipped at the top; image replaced with user-supplied Rand_Capitalism.jpg (Signet Authorized Edition - a different edition cover than the screenshot) - NOT a crop from the source screenshots,block02_r1c1.png,Capitalism: The Unknown Ideal,Ayn Rand
,,,non-fiction,leadership,biography;history;politics,wwii,2010s,britain,2010s;biography;britain;history;leadership;non-fiction;politics;wwii,,ricks_churchill-and-orwell,Churchill & Orwell,Churchill & Orwell: The Fight for Freedom,Thomas E. Ricks,ricks,9781594206139,1594206139,,https://www.amazon.com/dp/1594206139?tag=redrock07-20,direct,ricks_churchill-and-orwell.png,329,500,good,isbn13,https://covers.openlibrary.org/b/isbn/9781594206139-L.jpg?default=false,,5,2/4/2025,1/27/2025,Penguin Pr,Hardcover,352,2017,2017,high,,block06_r1c6.png,Churchill and Orwell: The Fight for Freedom,Thomas E. Ricks
,,,non-fiction,leadership;innovation;culture;management,memoir;technology,late-20th-century,2010s,united-states,2010s;culture;innovation;late-20th-century;leadership;management;memoir;non-fiction;technology;united-states,,catmull_creativity-inc,"Creativity, Inc.","Creativity, Inc.: Overcoming the Unseen Forces That Stand in the Way of True Inspiration",Ed Catmull,catmull,9780812993011,0812993012,,https://www.amazon.com/dp/0812993012?tag=redrock07-20,direct,catmull_creativity-inc.png,328,500,good,isbn13,https://covers.openlibrary.org/b/isbn/9780812993011-L.jpg?default=false,,5,7/5/2024,6/26/2024,Random House,Hardcover,368,2014,2014,high,with Amy Wallace,block06_r4c3.png,"Creativity, Inc.: Overcoming the Unseen Forces That Stand in the Way of True Inspiration",Ed Catmull
,,,non-fiction,project-management;operations,business;business-novel,contemporary,1990s,global,1990s;business;business-novel;contemporary;global;non-fiction;operations;project-management,,goldratt_critical-chain,Critical Chain,Critical Chain,Eliyahu M. Goldratt,goldratt,9780884271536,0884271536,,https://www.amazon.com/dp/0884271536?tag=redrock07-20,direct,goldratt_critical-chain.png,319,475,good,isbn13,https://covers.openlibrary.org/b/isbn/9780884271536-L.jpg?default=false,,5,3/6/2026,12/9/2025,The North River Press,Paperback,246,2002,1997,high,,block03_r3c6.png,Critical Chain,Eliyahu M. Goldratt
,,,non-fiction,strategy,psychology,timeless,2010s,global,2010s;global;non-fiction;psychology;strategy;timeless,,gladwell_david-and-goliath,David and Goliath,"David and Goliath: Underdogs, Misfits, and the Art of Battling Giants",Malcolm Gladwell,gladwell,9780316204361,0316204366,,https://www.amazon.com/dp/0316204366?tag=redrock07-20,direct,gladwell_david-and-goliath.png,349,500,good,isbn13,https://covers.openlibrary.org/b/isbn/9780316204361-L.jpg?default=false,,0,,8/11/2018,"Little, Brown and Company",Hardcover,305,2013,2013,high,subtitle read at low resolution,block01_r4c2.png,"David and Goliath: Underdogs, Misfits, and the Art of Battling Giants",Malcolm Gladwell
,,,non-fiction,,memoir,contemporary,2010s,united-states,2010s;contemporary;memoir;non-fiction;united-states,,westover_educated,Educated,Educated: A Memoir,Tara Westover,westover,9780399590504,0399590501,,https://www.amazon.com/dp/0399590501?tag=redrock07-20,direct,westover_educated.png,329,500,good,isbn13,https://covers.openlibrary.org/b/isbn/9780399590504-L.jpg?default=false,,5,10/17/2019,8/11/2018,Random House,Hardcover,352,2018,2018,high,,block04_r2c6.png,Educated,Tara Westover
,,,non-fiction,entrepreneurship;innovation,biography;technology,contemporary,2010s,united-states,2010s;biography;contemporary;entrepreneurship;innovation;non-fiction;technology;united-states,,vance_elon-musk,Elon Musk,"Elon Musk: Tesla, SpaceX, and the Quest for a Fantastic Future",Ashlee Vance,vance,9780062301239,0062301233,,https://www.amazon.com/dp/0062301233?tag=redrock07-20,direct,vance_elon-musk.png,331,499,good,isbn13,https://covers.openlibrary.org/b/isbn/9780062301239-L.jpg?default=false,,5,8/28/2018,8/25/2018,Ecco,Hardcover,392,2015,2015,high,,block04_r1c6.png,"Elon Musk: Tesla, SpaceX, and the Quest for a Fantastic Future",Ashlee Vance
,,,non-fiction,culture,history;true-crime;medicine,contemporary,2020s,united-states,2020s;contemporary;culture;history;medicine;non-fiction;true-crime;united-states,,keefe_empire-of-pain,Empire of Pain,Empire of Pain: The Secret History of the Sackler Dynasty,Patrick Radden Keefe,keefe,9780385545686,0385545681,,https://www.amazon.com/dp/0385545681?tag=redrock07-20,direct,keefe_empire-of-pain.png,329,500,good,isbn13,https://covers.openlibrary.org/b/isbn/9780385545686-L.jpg?default=false,,5,8/30/2023,12/31/2023,Doubleday,Hardcover,535,2021,2021,high,,block07_r2c2.png,Empire of Pain: The Secret History of the Sackler Dynasty,Patrick Radden Keefe
,,,non-fiction,leadership,history;nature,early-20th-century,1950s,antarctica,1950s;antarctica;early-20th-century;history;leadership;nature;non-fiction,,lansing_endurance,Endurance,Endurance: Shackleton's Incredible Voyage,Alfred Lansing,lansing,9780465062881,0465062881,,https://www.amazon.com/dp/0465062881?tag=redrock07-20,direct,lansing_endurance.png,325,500,good,search,https://covers.openlibrary.org/b/id/540107-L.jpg,,0,,8/11/2018,Carroll & Graf Publishers,Hardcover,282,1999,1959,high,,block08_r2c2.png,Endurance: Shackleton's Incredible Voyage,Alfred Lansing
,,,non-fiction,productivity;personal-effectiveness;strategy,psychology,timeless,2010s,global,2010s;global;non-fiction;personal-effectiveness;productivity;psychology;strategy;timeless,,mckeown_essentialism,Essentialism,Essentialism: The Disciplined Pursuit of Less,Greg McKeown,mckeown,9780804137409,0804137404,,https://www.amazon.com/dp/0804137404?tag=redrock07-20,direct,mckeown_essentialism.png,324,500,good,user-isbn,https://covers.openlibrary.org/b/isbn/9780804137409-L.jpg,,0,,12/31/2020,Crown Currency,Hardcover,260,2014,2011,high,,block05_r3c2.png,Essentialism: The Disciplined Pursuit of Less,Greg McKeown
,,,non-fiction,investing;decision-making,economics;psychology,timeless,2000s,global,2000s;decision-making;economics;global;investing;non-fiction;psychology;timeless,,taleb_fooled-by-randomness,Fooled by Randomness,Fooled by Randomness: The Hidden Role of Chance in Life and in the Markets,Nassim Nicholas Taleb,taleb,9780812975215,0812975219,,https://www.amazon.com/dp/0812975219?tag=redrock07-20,direct,taleb_fooled-by-randomness.png,324,500,good,isbn13,https://covers.openlibrary.org/b/isbn/9780812975215-L.jpg?default=false,,5,10/9/2019,10/2/2019,Random House Trade Paperbacks,Paperback,368,2005,2001,high,,block05_r4c1.png,Fooled by Randomness: The Hidden Role of Chance in Life and in the Markets (Incerto),Nassim Nicholas Taleb
,,,non-fiction,,history;politics;memoir,late-20th-century,1980s,middle-east,1980s;history;late-20th-century;memoir;middle-east;non-fiction;politics,,friedman_from-beirut-to-jerusalem,From Beirut to Jerusalem,From Beirut to Jerusalem,Thomas L. Friedman,friedman,9780385413725,0385413726,,https://www.amazon.com/dp/0385413726?tag=redrock07-20,direct,friedman_from-beirut-to-jerusalem.png,305,475,good,isbn13,https://covers.openlibrary.org/b/isbn/9780385413725-L.jpg?default=false,,5,9/19/2024,3/24/2019,Anchor,Paperback,541,1995,1989,high,,block04_r1c2.png,From Beirut to Jerusalem,Thomas L. Friedman
,,,non-fiction,leadership;strategy,history;biography,medieval,2000s,mongolia,2000s;biography;history;leadership;medieval;mongolia;non-fiction;strategy,,weatherford_genghis-khan-and-the-making-of-the-modern-world,Genghis Khan and the Making of the Modern World,Genghis Khan and the Making of the Modern World,Jack Weatherford,weatherford,9780609809648,0609809644,,https://www.amazon.com/dp/0609809644?tag=redrock07-20,direct,weatherford_genghis-khan-and-the-making-of-the-modern-world.png,317,475,good,search,https://covers.openlibrary.org/b/id/390818-L.jpg,,0,,8/11/2018,Broadway Books,Kindle Edition,352,2018,2004,high,,block01_r4c6.png,Genghis Khan and the Making of the Modern World,Jack Weatherford
,,,non-fiction,,biography;science,mid-20th-century,1990s,united-states,1990s;biography;mid-20th-century;non-fiction;science;united-states,,gleick_genius,Genius,Genius: The Life and Science of Richard Feynman,James Gleick,gleick,9780679747048,0679747044,,https://www.amazon.com/dp/0679747044?tag=redrock07-20,direct,gleick_genius.png,306,475,good,isbn13,https://covers.openlibrary.org/b/isbn/9780679747048-L.jpg?default=false,,5,6/17/2025,11/28/2024,Vintage,Paperback,531,1993,1993,high,,block06_r2c5.png,Genius: The Life and Science of Richard Feynman,James Gleick
,,,non-fiction,,medicine;health,contemporary,2020s,global,2020s;contemporary;global;health;medicine;non-fiction,,means_good-energy,Good Energy,Good Energy: The Surprising Connection Between Metabolism and Limitless Health,Casey Means,means,9780593712641,0593712641,,https://www.amazon.com/dp/0593712641?tag=redrock07-20,direct,means_good-energy.png,331,500,good,isbn13,https://covers.openlibrary.org/b/isbn/9780593712641-L.jpg?default=false,,5,1/10/2025,1/9/2025,Avery,Hardcover,400,2024,2024,high,with Calley Means,block06_r2c2.png,Good Energy: The Surprising Connection Between Metabolism and Limitless Health,Casey Means
,,,non-fiction,leadership;strategy;management,business,contemporary,2000s,united-states,2000s;business;contemporary;leadership;management;non-fiction;strategy;united-states,,collins_good-to-great,Good to Great,Good to Great,Jim Collins,collins,9780066620992,0066620996,,https://www.amazon.com/dp/0066620996?tag=redrock07-20,direct,collins_good-to-great.png,330,500,good,isbn13,https://covers.openlibrary.org/b/isbn/9780066620992-L.jpg?default=false,,0,,8/11/2018,Harper Business,Hardcover,300,2001,2001,high,cover subtitle ('Why Some Companies Make the Leap... and Others Don't') too small to read reliably; omitted,block01_r3c4.png,Good to Great: Why Some Companies Make the Leap... and Others Don't,Jim Collins
,,,non-fiction,personal-effectiveness,psychology,timeless,2010s,global,2010s;global;non-fiction;personal-effectiveness;psychology;timeless,,duckworth_grit,Grit,Grit: The Power of Passion and Perseverance,Angela Duckworth,duckworth,9781443442312,1443442313,,https://www.amazon.com/dp/1443442313?tag=redrock07-20,direct,duckworth_grit.png,329,500,good,isbn13,https://covers.openlibrary.org/b/isbn/9781443442312-L.jpg?default=false,,0,,8/11/2018,Collins,Hardcover,277,2016,2016,high,,block08_r2c3.png,Grit: The Power of Passion and Perseverance,Angela Duckworth
,,,non-fiction,leadership,biography;history;war,medieval,2020s,britain,2020s;biography;britain;history;leadership;medieval;non-fiction;war,,jones_henry-v,Henry V,Henry V: The Astonishing Triumph of England's Greatest Warrior King,Dan Jones,jones,9780593652732,0593652738,,https://www.amazon.com/dp/0593652738?tag=redrock07-20,direct,jones_henry-v.png,978,1500,good,hand-sourced,FOUND/jones_henry-v.jpg,,5,9/17/2025,9/3/2025,Viking,Hardcover,432,2024,2024,high,subtitle read at low resolution,block02_r2c1.png,Henry V: The Astonishing Triumph of England's Greatest Warrior King,Dan Jones
,,,non-fiction,leadership;culture,psychology,timeless,2020s,global,2020s;culture;global;leadership;non-fiction;psychology;timeless,,brooks_how-to-know-a-person,How to Know a Person,How to Know a Person: The Art of Seeing Others Deeply and Being Deeply Seen,David Brooks,brooks,9780593230084,0593230086,,https://www.amazon.com/dp/0593230086?tag=redrock07-20,direct,brooks_how-to-know-a-person.png,329,500,good,isbn,https://covers.openlibrary.org/b/isbn/059323006X-L.jpg?default=false,,5,4/20/2026,4/11/2025,Random House,Kindle Edition,306,2023,2023,high,,block02_r4c3.png,How to Know a Person: The Art of Seeing Others Deeply and Being Deeply Seen,David  Brooks
,,,non-fiction,leadership,memoir;politics,late-20th-century,2010s,united-states,2010s;late-20th-century;leadership;memoir;non-fiction;politics;united-states,,powell_it-worked-for-me,It Worked for Me,It Worked for Me: In Life and Leadership,Colin Powell,powell,9780062135148,0062135147,,https://www.amazon.com/dp/0062135147?tag=redrock07-20,direct,powell_it-worked-for-me.png,333,500,good,ol-search2,https://covers.openlibrary.org/b/id/8997286-L.jpg,,5,4/18/2026,4/17/2026,Harper,ebook,304,2012,2012,high,with Tony Koltz,block03_r2c3.png,It Worked for Me: In Life and Leadership,Colin Powell
,,,non-fiction,leadership,biography;history;politics,early-modern,2000s,united-states,2000s;biography;early-modern;history;leadership;non-fiction;politics;united-states,,mccullough_john-adams,John Adams,John Adams,David McCullough,mccullough,9780743223133,0743223136,,https://www.amazon.com/dp/0743223136?tag=redrock07-20,direct,mccullough_john-adams.png,329,500,good,isbn13,https://covers.openlibrary.org/b/isbn/9780743223133-L.jpg?default=false,,0,,8/11/2018,Simon & Schuster Paperbacks,Paperback,751,2001,2001,high,,block01_r3c2.png,John Adams,David McCullough
,,,non-fiction,innovation,biography,early-modern,2010s,europe,2010s;biography;early-modern;europe;innovation;non-fiction,,isaacson_leonardo-da-vinci,Leonardo da Vinci,Leonardo da Vinci,Walter Isaacson,isaacson,9781501139154,1501139150,,https://www.amazon.com/dp/1501139150?tag=redrock07-20,direct,isaacson_leonardo-da-vinci.png,329,500,good,isbn13,https://covers.openlibrary.org/b/isbn/9781501139154-L.jpg?default=false,,5,2/9/2019,8/11/2018,Simon & Schuster,Hardcover,600,2017,2017,high,,block04_r2c1.png,Leonardo da Vinci,Walter Isaacson
,,,non-fiction,innovation;strategy;management,business;science,timeless,2010s,global,2010s;business;global;innovation;management;non-fiction;science;strategy;timeless,,bahcall_loonshots,Loonshots,"Loonshots: How to Nurture the Crazy Ideas That Win Wars, Cure Diseases, and Transform Industries",Safi Bahcall,bahcall,9781250185969,1250185963,,https://www.amazon.com/dp/1250185963?tag=redrock07-20,direct,bahcall_loonshots.png,329,500,good,isbn13,https://covers.openlibrary.org/b/isbn/9781250185969-L.jpg?default=false,,0,,12/31/2020,St. Martin's Press,Hardcover,368,2019,2019,high,,block05_r3c3.png,"Loonshots: How to Nurture the Crazy Ideas That Win Wars, Cure Diseases, and Transform Industries",Safi Bahcall
,,,non-fiction,,memoir,contemporary,2020s,britain,2020s;britain;contemporary;memoir;non-fiction,,stewart_making-it-so,Making It So,Making It So: A Memoir,Patrick Stewart,stewart,9781982167738,1982167734,,https://www.amazon.com/dp/1982167734?tag=redrock07-20,direct,stewart_making-it-so.png,331,500,good,isbn13,https://covers.openlibrary.org/b/isbn/9781982167738-L.jpg?default=false,,5,8/24/2024,8/21/2024,Gallery Books,Hardcover,469,2023,2023,high,,block06_r3c6.png,Making It So,Patrick   Stewart
,,,non-fiction,personal-effectiveness,memoir;psychology;philosophy,wwii,1940s,europe,1940s;europe;memoir;non-fiction;personal-effectiveness;philosophy;psychology;wwii,,frankl_mans-search-for-meaning,Man's Search for Meaning,Man's Search for Meaning,Viktor E. Frankl,frankl,9780807014295,080701429X,,https://www.amazon.com/dp/080701429X?tag=redrock07-20,direct,frankl_mans-search-for-meaning.png,302,500,good,isbn13,https://covers.openlibrary.org/b/isbn/9780807014295-L.jpg?default=false,,4,4/29/2025,12/31/2024,Beacon Press,Paperback,165,2006,1946,high,,block06_r2c3.png,Man's Search for Meaning,Viktor E. Frankl
,,,non-fiction,leadership;personal-effectiveness,philosophy,ancient,ancient,ancient-rome,ancient;ancient-rome;leadership;non-fiction;personal-effectiveness;philosophy,,aurelius_meditations,Meditations,Meditations,Marcus Aurelius,aurelius,9780140449334,0140449337,,https://www.amazon.com/dp/0140449337?tag=redrock07-20,direct,aurelius_meditations.png,324,500,good,isbn13,https://covers.openlibrary.org/b/isbn/9780140449334-L.jpg?default=false,,4,3/27/2025,3/21/2025,Penguin Books,Paperback,254,2006,180,high,Penguin Classics,block06_r1c2.png,Meditations,Marcus Aurelius
,,,non-fiction,operations;culture,memoir;history,late-20th-century,2020s,russia,2020s;culture;history;late-20th-century;memoir;non-fiction;operations;russia,,rogoff_muppets-in-moscow,Muppets in Moscow,Muppets in Moscow,Natasha Lance Rogoff,rogoff,9781538161289,1538161281,,https://www.amazon.com/dp/1538161281?tag=redrock07-20,direct,rogoff_muppets-in-moscow.png,340,500,good,isbn13,https://covers.openlibrary.org/b/isbn/9781538161289-L.jpg?default=false,,5,1/14/2025,1/9/2025,Rowman & Littlefield Publishers,Hardcover,267,2022,2022,high,cover subtitle about making Sesame Street in Russia is too small to read reliably; omitted,block06_r2c1.png,Muppets in Moscow: The Unexpected Crazy True Story of Making Sesame Street in Russia,Natasha Lance Rogoff
,,,non-fiction,,memoir,contemporary,2020s,united-states,2020s;contemporary;memoir;non-fiction;united-states,,renner_my-next-breath,My Next Breath,My Next Breath: A Memoir,Jeremy Renner,renner,9781250383532,1250383536,,https://www.amazon.com/dp/1250383536?tag=redrock07-20,direct,renner_my-next-breath.png,987,1500,good,hand-sourced,FOUND/renner_my-next-breath.jpg,,5,12/17/2025,12/9/2025,Flatiron Books,Hardcover,224,2025,2025,high,,block03_r4c1.png,My Next Breath,Jeremy Renner
,,,non-fiction,negotiation,psychology,timeless,2010s,global,2010s;global;negotiation;non-fiction;psychology;timeless,,voss_never-split-the-difference,Never Split the Difference,Never Split the Difference: Negotiating as If Your Life Depended on It,Chris Voss,voss,9780062407801,0062407805,,https://www.amazon.com/dp/0062407805?tag=redrock07-20,direct,voss_never-split-the-difference.png,321,500,good,isbn13,https://covers.openlibrary.org/b/isbn/9780062407801-L.jpg?default=false,,0,,11/5/2021,Harper Business,Hardcover,274,2016,2016,high,with Tahl Raz,block05_r1c5.png,Never Split the Difference: Negotiating As If Your Life Depended On It,Chris Voss
,,,non-fiction,innovation;leadership,psychology;business,timeless,2010s,global,2010s;business;global;innovation;leadership;non-fiction;psychology;timeless,,grant_originals,Originals,Originals: How Non-Conformists Move the World,Adam Grant,grant,9780525429562,0525429565,,https://www.amazon.com/dp/0525429565?tag=redrock07-20,direct,grant_originals.png,324,500,good,isbn13,https://covers.openlibrary.org/b/isbn/9780525429562-L.jpg?default=false,,4,8/25/2018,8/11/2018,Viking,Hardcover,326,2016,2016,high,,block08_r2c4.png,Originals: How Non-Conformists Move the World,Adam M. Grant
,,,non-fiction,strategy,psychology;economics,timeless,2000s,global,2000s;economics;global;non-fiction;psychology;strategy;timeless,,gladwell_outliers,Outliers,Outliers: The Story of Success,Malcolm Gladwell,gladwell,9780316017923,0316017922,,https://www.amazon.com/dp/0316017922?tag=redrock07-20,direct,gladwell_outliers.png,332,500,good,ol-search2,https://covers.openlibrary.org/b/id/10021591-L.jpg,,0,,8/11/2018,"Little, Brown and Company",Hardcover,309,2008,2008,high,,block01_r4c1.png,Outliers: The Story of Success,Malcolm Gladwell
,,,non-fiction,,medicine;health,contemporary,2020s,global,2020s;contemporary;global;health;medicine;non-fiction,,attia_outlive,Outlive,Outlive: The Science & Art of Longevity,Peter Attia,attia,9780593236598,0593236599,,https://www.amazon.com/dp/0593236599?tag=redrock07-20,direct,attia_outlive.png,385,500,good,isbn13,https://covers.openlibrary.org/b/isbn/9780593236598-L.jpg?default=false,,5,7/31/2023,12/31/2023,Harmony,Hardcover,496,2023,2023,high,with Bill Gifford,block07_r2c3.png,Outlive: The Science & Art of Longevity,Peter Attia
,,,non-fiction,investing;decision-making,essays;philosophy,timeless,2000s,united-states,2000s;decision-making;essays;investing;non-fiction;philosophy;timeless;united-states,,munger_poor-charlies-almanack,Poor Charlie's Almanack,Poor Charlie's Almanack: The Wit and Wisdom of Charles T. Munger,Charles T. Munger,munger,9781578643660,157864366X,,https://www.amazon.com/dp/157864366X?tag=redrock07-20,direct,munger_poor-charlies-almanack.png,484,500,good,ol-search2,https://covers.openlibrary.org/b/id/8337563-L.jpg,,5,9/12/2026,9/13/2025,Donning Co Pub,Hardcover,512,2006,2005,high,edited by Peter D. Kaufman; foreword by Warren E. Buffett,block02_r1c6.png,Poor Charlie's Almanack: The Wit and Wisdom of Charles T. Munger,Charles T. Munger
,,,non-fiction,,history,medieval,2020s,europe,2020s;europe;history;medieval;non-fiction,,jones_powers-and-thrones,Powers and Thrones,Powers and Thrones: A New History of the Middle Ages,Dan Jones,jones,9781984880871,198488087X,,https://www.amazon.com/dp/198488087X?tag=redrock07-20,direct,jones_powers-and-thrones.png,331,500,good,isbn13,https://covers.openlibrary.org/b/isbn/9781984880871-L.jpg?default=false,,5,12/2/2022,10/22/2022,Viking,Hardcover,636,2021,2021,high,,block07_r3c6.png,Powers and Thrones: A New History of the Middle Ages,Dan Jones
,,,non-fiction,leadership;management;decision-making;investing,business;memoir,contemporary,2010s,united-states,2010s;business;contemporary;decision-making;investing;leadership;management;memoir;non-fiction;united-states,,dalio_principles,Principles,Principles,Ray Dalio,dalio,9781508243243,1508243247,,https://www.amazon.com/dp/1508243247?tag=redrock07-20,direct,dalio_principles.png,428,500,good,isbn13,https://covers.openlibrary.org/b/isbn/9781508243243-L.jpg?default=false,,5,6/25/2025,6/17/2025,Simon & Schuster Audio,Audio CD,16,2017,2017,high,,block02_r3c5.png,Principles: Life and Work,Ray Dalio
,,,fiction,,science;space,timeless,2020s,space,2020s;fiction;science;space;timeless,,weir_project-hail-mary,Project Hail Mary,Project Hail Mary,Andy Weir,weir,9780593135204,0593135202,,https://www.amazon.com/dp/0593135202?tag=redrock07-20,direct,weir_project-hail-mary.png,325,500,good,ol-search2,https://covers.openlibrary.org/b/id/11200092-L.jpg,,5,11/4/2022,10/22/2022,Ballantine Books,Hardcover,476,2021,2021,high,,block07_r4c1.png,Project Hail Mary,Andy Weir
,,,non-fiction,,biography;politics,contemporary,2020s,united-states,2020s;biography;contemporary;non-fiction;politics;united-states,,coppins_romney,Romney,Romney: A Reckoning,McKay Coppins,coppins,9781982196233,1982196238,,https://www.amazon.com/dp/1982196238?tag=redrock07-20,direct,coppins_romney.png,994,1500,good,hand-sourced,FOUND/coppins_romney.jpg,,5,8/22/2026,8/12/2026,Scribner,ebook,416,2023,2023,high,,block03_r1c2.png,Romney: A Reckoning,McKay Coppins
,,,non-fiction,economics,history;food,multi-era,2000s,global,2000s;economics;food;global;history;multi-era;non-fiction,,kurlansky_salt,Salt,Salt: A World History,Mark Kurlansky,kurlansky,9780142001615,0142001619,,https://www.amazon.com/dp/0142001619?tag=redrock07-20,direct,kurlansky_salt.png,312,475,good,isbn13,https://covers.openlibrary.org/b/isbn/9780142001615-L.jpg?default=false,,5,6/3/2026,10/19/2025,Penguin Books,Paperback,484,2003,2002,high,,block02_r1c2.png,Salt: A World History,Mark Kurlansky
,,,non-fiction,entrepreneurship;leadership,memoir;business,late-20th-century,2010s,united-states,2010s;business;entrepreneurship;late-20th-century;leadership;memoir;non-fiction;united-states,,knight_shoe-dog,Shoe Dog,Shoe Dog: A Memoir by the Creator of Nike,Phil Knight,knight,9781501135910,1501135910,,https://www.amazon.com/dp/1501135910?tag=redrock07-20,direct,knight_shoe-dog.png,331,500,good,isbn13,https://covers.openlibrary.org/b/isbn/9781501135910-L.jpg?default=false,,0,,8/11/2018,Scribner,Hardcover,400,2016,2016,high,,block01_r3c5.png,Shoe Dog: A Memoir by the Creator of Nike,Phil Knight
,,,non-fiction,entrepreneurship,memoir;biography;technology,late-20th-century,2020s,united-states,2020s;biography;entrepreneurship;late-20th-century;memoir;non-fiction;technology;united-states,,gates_source-code,Source Code,Source Code: My Beginnings,Bill Gates,gates,9780593801581,059380158X,,https://www.amazon.com/dp/059380158X?tag=redrock07-20,direct,gates_source-code.png,325,500,good,ol-search2,https://covers.openlibrary.org/b/id/14851913-L.jpg,,5,4/10/2025,3/28/2025,Knopf,Hardcover,336,2025,2025,high,,block02_r4c5.png,Source Code: My Beginnings,Bill  Gates
,,,non-fiction,entrepreneurship;innovation;leadership,biography;technology,late-20th-century,2010s,united-states,2010s;biography;entrepreneurship;innovation;late-20th-century;leadership;non-fiction;technology;united-states,,isaacson_steve-jobs,Steve Jobs,Steve Jobs,Walter Isaacson,isaacson,9781982176860,1982176865,,https://www.amazon.com/dp/1982176865?tag=redrock07-20,direct,isaacson_steve-jobs.png,333,500,good,user-isbn,https://covers.openlibrary.org/b/isbn/9781982176860-L.jpg,,5,5/30/2019,5/4/2019,Simon & Schuster,Hardcover,630,2011,2011,high,,block04_r1c1.png,Steve Jobs,Walter Isaacson
,,,non-fiction,strategy;marketing;operations,business,contemporary,2010s,global,2010s;business;contemporary;global;marketing;non-fiction;operations;strategy,,tzuo_subscribed,Subscribed,Subscribed: Why the Subscription Model Will Be Your Company's Future - and What to Do About It,Tien Tzuo,tzuo,9780525536468,0525536469,,https://www.amazon.com/dp/0525536469?tag=redrock07-20,direct,tzuo_subscribed.png,994,1500,good,hand-sourced,FOUND/tzuo_subscribed.jpg,,4,6/13/2020,5/29/2020,Portfolio,Kindle Edition,254,2018,2018,high,,block05_r3c6.png,Subscribed: Why the Subscription Model Will Be Your Company's Future - and What to Do About It,Tien Tzuo
,,,non-fiction,negotiation;leadership,psychology,timeless,2010s,global,2010s;global;leadership;negotiation;non-fiction;psychology;timeless,,gladwell_talking-to-strangers,Talking to Strangers,Talking to Strangers: What We Should Know About the People We Don't Know,Malcolm Gladwell,gladwell,9780316478526,0316478520,,https://www.amazon.com/dp/0316478520?tag=redrock07-20,direct,gladwell_talking-to-strangers.png,336,499,good,isbn13,https://covers.openlibrary.org/b/isbn/9780316478526-L.jpg?default=false,,4,4/30/2023,12/31/2023,"Little, Brown and Company",Hardcover,388,2019,2019,high,,block07_r1c4.png,Talking to Strangers: What We Should Know About the People We Don't Know,Malcolm Gladwell
,,,non-fiction,leadership;management,biography;history;politics,19th-century,2000s,united-states,19th-century;2000s;biography;history;leadership;management;non-fiction;politics;united-states,,goodwin_team-of-rivals,Team of Rivals,Team of Rivals: The Political Genius of Abraham Lincoln,Doris Kearns Goodwin,goodwin,9780739469767,0739469762,,https://www.amazon.com/dp/0739469762?tag=redrock07-20,direct,goodwin_team-of-rivals.png,991,1500,good,hand-sourced,FOUND/goodwin_team-of-rivals.jpg,,5,1/28/2024,12/31/2023,Simon & Schuster,Paperback,916,2006,2005,high,,block07_r2c4.png,Team of Rivals: The Political Genius of Abraham Lincoln,Doris Kearns Goodwin
,,,non-fiction,leadership;management;operations,business;war,contemporary,2010s,middle-east,2010s;business;contemporary;leadership;management;middle-east;non-fiction;operations;war,,mcchrystal_team-of-teams,Team of Teams,Team of Teams: New Rules of Engagement for a Complex World,Stanley McChrystal,mcchrystal,9781591847489,1591847486,,https://www.amazon.com/dp/1591847486?tag=redrock07-20,direct,mcchrystal_team-of-teams.png,994,1500,good,hand-sourced,FOUND/mcchrystal_team-of-teams.jpg,,4,3/6/2021,1/29/2021,Portfolio,Hardcover,304,2015,2015,high,"credited on cover as General Stanley McChrystal, U.S. Army, Retired",block05_r2c6.png,Team of Teams: New Rules of Engagement for a Complex World,Stanley McChrystal
,,,non-fiction,culture,psychology;technology,contemporary,2020s,global,2020s;contemporary;culture;global;non-fiction;psychology;technology,,haidt_the-anxious-generation,The Anxious Generation,The Anxious Generation: How the Great Rewiring of Childhood Is Causing an Epidemic of Mental Illness,Jonathan Haidt,haidt,9780593655030,0593655036,,https://www.amazon.com/dp/0593655036?tag=redrock07-20,direct,haidt_the-anxious-generation.png,328,500,good,isbn13,https://covers.openlibrary.org/b/isbn/9780593655030-L.jpg?default=false,,4,4/24/2025,3/21/2025,Penguin Press,Hardcover,385,2024,2024,high,,block06_r1c1.png,The Anxious Generation: How the Great Rewiring of Childhood Caused an Epidemic of Mental Illness,Jonathan Haidt
,,,non-fiction,operations;strategy;economics,history;technology;economics,late-20th-century,2000s,global,2000s;economics;global;history;late-20th-century;non-fiction;operations;strategy;technology,,levinson_the-box,The Box,The Box: How the Shipping Container Made the World Smaller and the World Economy Bigger,Marc Levinson,levinson,9780691170817,0691170819,,https://www.amazon.com/dp/0691170819?tag=redrock07-20,direct,levinson_the-box.png,331,500,good,local,local:covers/levinson_the-box.png,,4,9/30/2023,12/31/2023,Princeton University Press,Paperback,544,2016,2006,high,"source grid held a placeholder cover with truncated title text; image replaced at user request with the real Princeton UP cover (ISBN 0691136408) from covers.openlibrary.org, 331x500 - NOT a crop from the source screenshots",block07_r2c5.png,The Box: How the Shipping Container Made the World Smaller and the World Economy Bigger,Marc Levinson
,,,non-fiction,leadership,history;sports,early-20th-century,2010s,united-states,2010s;early-20th-century;history;leadership;non-fiction;sports;united-states,,brown_the-boys-in-the-boat,The Boys in the Boat,The Boys in the Boat: Nine Americans and Their Epic Quest for Gold at the 1936 Berlin Olympics,Daniel James Brown,brown,9780670025817,067002581X,,https://www.amazon.com/dp/067002581X?tag=redrock07-20,direct,brown_the-boys-in-the-boat.png,316,500,good,isbn13,https://covers.openlibrary.org/b/isbn/9780670025817-L.jpg?default=false,,0,,8/11/2018,Viking,Hardcover,404,2013,2013,high,,block01_r2c3.png,The Boys in the Boat: Nine Americans and Their Epic Quest for Gold at the 1936 Berlin Olympics,Daniel James Brown
,,,non-fiction,operations;project-management;management,medicine;psychology,timeless,2000s,global,2000s;global;management;medicine;non-fiction;operations;project-management;psychology;timeless,,gawande_the-checklist-manifesto,The Checklist Manifesto,The Checklist Manifesto: How to Get Things Right,Atul Gawande,gawande,9780805091748,0805091742,,https://www.amazon.com/dp/0805091742?tag=redrock07-20,direct,gawande_the-checklist-manifesto.png,335,500,good,isbn13,https://covers.openlibrary.org/b/isbn/9780805091748-L.jpg?default=false,,5,5/22/2026,2/17/2026,Metropolitan Books,Hardcover,208,2009,2009,high,,block03_r2c6.png,The Checklist Manifesto: How to Get Things Right,Atul Gawande
,,,non-fiction,culture,psychology;politics,contemporary,2010s,united-states,2010s;contemporary;culture;non-fiction;politics;psychology;united-states,,lukianoff_the-coddling-of-the-american-mind,The Coddling of the American Mind,The Coddling of the American Mind: How Good Intentions and Bad Ideas Are Setting Up a Generation for Failure,Greg Lukianoff and Jonathan Haidt,lukianoff,9780735224919,0735224919,,https://www.amazon.com/dp/0735224919?tag=redrock07-20,direct,lukianoff_the-coddling-of-the-american-mind.png,326,500,good,user-isbn,https://covers.openlibrary.org/b/isbn/9780735224919-L.jpg,,5,11/5/2021,3/6/2021,Penguin Press,Kindle Edition,352,2018,2018,high,,block05_r2c5.png,The Coddling of the American Mind: How Good Intentions and Bad Ideas Are Setting up a Generation for Failure,Jonathan Haidt
,,,non-fiction,personal-effectiveness;leadership,psychology,contemporary,2020s,united-states,2020s;contemporary;leadership;non-fiction;personal-effectiveness;psychology;united-states,,farnes_the-conquer-code,The Conquer Code,The Conquer Code,Trevor Farnes,farnes,9781957616728,1957616725,,https://www.amazon.com/dp/1957616725?tag=redrock07-20,direct,farnes_the-conquer-code.png,1044,1500,good,hand-sourced,FOUND/farnes_the-conquer-code.jpg,,5,7/29/2024,7/20/2024,Fedd Books,Hardcover,232,2024,,high,surname corrected by user to Farnes (I misread the small cover lettering as FARMES),block06_r4c1.png,"The Conquer Code: Unlocking Success Through Failure, Faith, and Family",Trevor Farnes
,,,non-fiction,,science;memoir,mid-20th-century,1960s,britain,1960s;britain;memoir;mid-20th-century;non-fiction;science,,watson_the-double-helix,The Double Helix,The Double Helix,James D. Watson,watson,9780743216302,074321630X,,https://www.amazon.com/dp/074321630X?tag=redrock07-20,direct,watson_the-double-helix.png,330,500,good,user-isbn,https://covers.openlibrary.org/b/isbn/9780743216302-L.jpg,,5,7/7/2025,6/17/2025,Signet Books,Paperback,143,1969,1968,high,,block02_r3c4.png,The Double Helix,James D. Watson
,,,non-fiction,,medicine;history;science,multi-era,2010s,global,2010s;global;history;medicine;multi-era;non-fiction;science,,mukherjee_the-emperor-of-all-maladies,The Emperor of All Maladies,The Emperor of All Maladies: A Biography of Cancer,Siddhartha Mukherjee,mukherjee,9781439170915,1439170916,,https://www.amazon.com/dp/1439170916?tag=redrock07-20,direct,mukherjee_the-emperor-of-all-maladies.png,324,500,good,user-isbn,https://covers.openlibrary.org/b/isbn/9781439170915-L.jpg,,5,,8/11/2018,Scribner,Hardcover,472,2010,2010,high,subtitle set in very small caps; read at low resolution,block01_r2c4.png,The Emperor of All Maladies: A Biography of Cancer,Siddhartha Mukherjee
,,,non-fiction,strategy;marketing,history;business,20th-century,1990s,united-states,1990s;20th-century;business;history;marketing;non-fiction;strategy;united-states,,brenner_the-emperors-of-chocolate,The Emperors of Chocolate,The Emperors of Chocolate: Inside the Secret World of Hershey & Mars,Joel Glenn Brenner,brenner,9780767904575,0767904575,,https://www.amazon.com/dp/0767904575?tag=redrock07-20,direct,brenner_the-emperors-of-chocolate.png,321,475,good,isbn13,https://covers.openlibrary.org/b/isbn/9780767904575-L.jpg?default=false,,5,12/29/2023,1/16/2023,Broadway Books,Paperback,367,2000,1998,medium,title and author appear only in a small medallion on the cover,block07_r3c4.png,The Emperors of Chocolate: Inside the Secret World of Hershey and Mars,Joël Glenn Brenner
,,,non-fiction,,food;science,timeless,2010s,global,2010s;food;global;non-fiction;science;timeless,,lopezalt_the-food-lab,The Food Lab,The Food Lab: Better Home Cooking Through Science,J. Kenji Lopez-Alt,lopezalt,9780393081084,0393081087,,https://www.amazon.com/dp/0393081087?tag=redrock07-20,direct,lopezalt_the-food-lab.png,389,500,good,isbn13,https://covers.openlibrary.org/b/isbn/9780393081084-L.jpg?default=false,,5,5/23/2025,3/12/2025,Norton,Hardcover,958,2015,2015,high,,block06_r1c3.png,The Food Lab: Better Home Cooking Through Science,J. Kenji López-Alt
,,,fiction,entrepreneurship,philosophy;politics,timeless,1940s,united-states,1940s;entrepreneurship;fiction;philosophy;politics;timeless;united-states,,rand_the-fountainhead,The Fountainhead,The Fountainhead,Ayn Rand,rand,9780451191151,0451191153,,https://www.amazon.com/dp/0451191153?tag=redrock07-20,direct,rand_the-fountainhead.png,914,1500,good,hand-sourced,FOUND/rand_the-fountainhead.jpg,,5,1/4/2021,11/25/2020,Signet Book,Mass Market Paperback,704,1996,1943,high,,block05_r3c4.png,The Fountainhead,Ayn Rand
,,,non-fiction,,science;medicine;history,multi-era,2010s,global,2010s;global;history;medicine;multi-era;non-fiction;science,,mukherjee_the-gene,The Gene,The Gene: An Intimate History,Siddhartha Mukherjee,mukherjee,9781476733500,1476733503,,https://www.amazon.com/dp/1476733503?tag=redrock07-20,direct,mukherjee_the-gene.png,322,500,good,user-isbn,https://covers.openlibrary.org/b/isbn/9781476733500-L.jpg,,4,,8/11/2018,Scribner,Hardcover,592,2016,2016,high,,block01_r2c5.png,The Gene: An Intimate History,Siddhartha Mukherjee
,,,non-fiction,operations;project-management;management,business;business-novel,contemporary,2000s,united-states,2000s;business;business-novel;contemporary;management;non-fiction;operations;project-management;united-states,,goldratt_the-goal,The Goal,The Goal,Eliyahu M. Goldratt,goldratt,9780884271789,0884271781,,https://www.amazon.com/dp/0884271781?tag=redrock07-20,direct,goldratt_the-goal.png,317,500,good,isbn13,https://covers.openlibrary.org/b/isbn/9780884271789-L.jpg?default=false,,5,8/5/2025,4/7/2025,North River Press,Paperback,384,2004,,medium,with Jeff Cox; 30th Anniversary Edition. Cover subtitle too small to read reliably,block02_r4c4.png,The Goal: A Process of Ongoing Improvement,Eliyahu M. Goldratt
,,,non-fiction,,history;biography,19th-century,2010s,europe,19th-century;2010s;biography;europe;history;non-fiction,,mccullough_the-greater-journey,The Greater Journey,The Greater Journey: Americans in Paris,David McCullough,mccullough,9781416571766,1416571760,,https://www.amazon.com/dp/1416571760?tag=redrock07-20,direct,mccullough_the-greater-journey.png,331,500,good,isbn13,https://covers.openlibrary.org/b/isbn/9781416571766-L.jpg?default=false,,5,8/9/2022,8/9/2022,Simon & Schuster Adult Publishing Group,Hardcover,558,2011,2011,high,,block07_r4c5.png,The Greater Journey: Americans in Paris,David McCullough
,,,non-fiction,economics;investing,history;economics,multi-era,2020s,global,2020s;economics;global;history;investing;multi-era;non-fiction,,mcwilliams_the-history-of-money,The History of Money,The History of Money: A Story of Humanity,David McWilliams,mcwilliams,9781250408181,1250408180,,https://www.amazon.com/dp/1250408180?tag=redrock07-20,direct,mcwilliams_the-history-of-money.png,987,1500,good,hand-sourced,FOUND/mcwilliams_the-history-of-money.jpg,,5,8/8/2026,2/14/2026,Henry Holt and Co.,Hardcover,416,2025,2024,high,,block03_r3c2.png,The History of Money: A Story of Humanity,David McWilliams
,,,non-fiction,leadership;strategy,business,timeless,2010s,global,2010s;business;global;leadership;non-fiction;strategy;timeless,,sinek_the-infinite-game,The Infinite Game,The Infinite Game,Simon Sinek,sinek,9780735213500,073521350X,,https://www.amazon.com/dp/073521350X?tag=redrock07-20,direct,sinek_the-infinite-game.png,325,500,good,ol-search2,https://covers.openlibrary.org/b/id/10189716-L.jpg,,5,6/9/2026,2/27/2026,Portfolio,Hardcover,251,2019,2017,high,,block03_r2c5.png,The Infinite Game,Simon Sinek
,,,non-fiction,personal-effectiveness,memoir;philosophy,contemporary,2000s,united-states,2000s;contemporary;memoir;non-fiction;personal-effectiveness;philosophy;united-states,,pausch_the-last-lecture,The Last Lecture,The Last Lecture,Randy Pausch,pausch,9781401323257,1401323251,,https://www.amazon.com/dp/1401323251?tag=redrock07-20,direct,pausch_the-last-lecture.png,375,500,good,search,https://covers.openlibrary.org/b/id/6423395-L.jpg,,5,2/10/2025,2/6/2025,Hachette Books,Kindle Edition,217,2008,2008,high,with Jeffrey Zaslow,block06_r1c5.png,The Last Lecture,Randy Pausch
,,,fiction,,science;space,contemporary,2010s,space,2010s;contemporary;fiction;science;space,,weir_the-martian,The Martian,The Martian,Andy Weir,weir,9780804139021,0804139024,,https://www.amazon.com/dp/0804139024?tag=redrock07-20,direct,weir_the-martian.png,319,500,good,isbn13,https://covers.openlibrary.org/b/isbn/9780804139021-L.jpg?default=false,,0,,8/11/2018,Crown Publishers,Hardcover,369,2014,2011,high,,block01_r1c6.png,The Martian,Andy Weir
,,,non-fiction,innovation,history;biography;technology;true-crime,early-20th-century,2020s,europe,2020s;biography;early-20th-century;europe;history;innovation;non-fiction;technology;true-crime,,brunt_the-mysterious-case-of-rudolf-diesel,The Mysterious Case of Rudolf Diesel,"The Mysterious Case of Rudolf Diesel: Genius, Power, and Deception on the Eve of World War I",Douglas Brunt,brunt,9781982169909,1982169907,,https://www.amazon.com/dp/1982169907?tag=redrock07-20,direct,brunt_the-mysterious-case-of-rudolf-diesel.png,331,500,good,isbn13,https://covers.openlibrary.org/b/isbn/9781982169909-L.jpg?default=false,,4,7/19/2026,4/30/2026,Atria Books,Kindle Edition,384,2023,2023,high,,block03_r2c1.png,"The Mysterious Case of Rudolf Diesel: Genius, Power, and Deception on the Eve of World War I",Douglas Brunt
,,,non-fiction,operations,food;nature;economics,contemporary,2000s,united-states,2000s;contemporary;economics;food;nature;non-fiction;operations;united-states,,pollan_the-omnivores-dilemma,The Omnivore's Dilemma,The Omnivore's Dilemma: A Natural History of Four Meals,Michael Pollan,pollan,9781594200823,1594200823,,https://www.amazon.com/dp/1594200823?tag=redrock07-20,direct,pollan_the-omnivores-dilemma.png,323,500,good,isbn13,https://covers.openlibrary.org/b/isbn/9781594200823-L.jpg?default=false,,4,2/4/2023,1/28/2023,The Penguin Press,Hardcover,450,2006,2006,high,,block07_r3c3.png,The Omnivore's Dilemma: A Natural History of Four Meals,Michael Pollan
,,,non-fiction,leadership,history;politics,contemporary,2010s,united-states,2010s;contemporary;history;leadership;non-fiction;politics;united-states,,graff_the-only-plane-in-the-sky,The Only Plane in the Sky,The Only Plane in the Sky: An Oral History of 9/11,Garrett M. Graff,graff,9781501182211,1501182218,,https://www.amazon.com/dp/1501182218?tag=redrock07-20,direct,graff_the-only-plane-in-the-sky.png,329,499,good,ol-search2,https://covers.openlibrary.org/b/id/8779094-L.jpg,,5,5/15/2025,5/14/2025,Simon & Schuster Audio ,Audible Audio,16,2019,2019,medium,author name on cover is very small; read at low resolution,block02_r4c2.png,The Only Plane in the Sky: An Oral History of 9/11,Garrett M. Graff
,,,non-fiction,management;strategy;marketing;operations;entrepreneurship,business,timeless,,global,business;entrepreneurship;global;management;marketing;non-fiction;operations;strategy;timeless,,kaufman_the-personal-mba,The Personal MBA,The Personal MBA,Josh Kaufman,kaufman,9780525543022,0525543023,,https://www.amazon.com/dp/0525543023?tag=redrock07-20,direct,kaufman_the-personal-mba.png,327,500,good,search,https://covers.openlibrary.org/b/id/6713257-L.jpg,,5,9/3/2025,8/28/2025,Generic,Paperback,496,,,high,10th Anniversary Edition,block02_r2c3.png,The Personal MBA,Josh Kaufman
,,,non-fiction,personal-effectiveness,psychology,contemporary,2020s,global,2020s;contemporary;global;non-fiction;personal-effectiveness;psychology,,grumet_the-purpose-code,The Purpose Code,"The Purpose Code: How to Unlock Meaning, Maximize Happiness, and Leave a Lasting Legacy",Jordan Grumet,grumet,9781804090855,1804090859,,https://www.amazon.com/dp/1804090859?tag=redrock07-20,direct,grumet_the-purpose-code.png,971,1500,good,hand-sourced,FOUND/grumet_the-purpose-code.jpg,,5,9/27/2025,9/17/2025,Harriman House,Hardcover,224,2025,,high,,block02_r1c5.png,"The Purpose Code: How to unlock meaning, maximize happiness, and leave a lasting legacy",Jordan Grumet
,,,non-fiction,productivity,religion;psychology,contemporary,2010s,global,2010s;contemporary;global;non-fiction;productivity;psychology;religion,,comer_the-ruthless-elimination-of-hurry,The Ruthless Elimination of Hurry,The Ruthless Elimination of Hurry,John Mark Comer,comer,9780525653097,0525653090,,https://www.amazon.com/dp/0525653090?tag=redrock07-20,direct,comer_the-ruthless-elimination-of-hurry.png,312,500,good,isbn13,https://covers.openlibrary.org/b/isbn/9780525653097-L.jpg?default=false,,5,7/30/2025,7/29/2025,WaterBrook,Hardcover,286,2019,2019,high,foreword by John Ortberg,block02_r2c4.png,The Ruthless Elimination of Hurry: How to Stay Emotionally Healthy and Spiritually Alive in the Chaos of the Modern World,John Mark Comer
,,,non-fiction,management;culture;economics,business;true-crime;history,contemporary,2000s,united-states,2000s;business;contemporary;culture;economics;history;management;non-fiction;true-crime;united-states,,mclean_the-smartest-guys-in-the-room,The Smartest Guys in the Room,The Smartest Guys in the Room: The Amazing Rise and Scandalous Fall of Enron,Bethany McLean and Peter Elkind,mclean,9781591840534,1591840538,,https://www.amazon.com/dp/1591840538?tag=redrock07-20,direct,mclean_the-smartest-guys-in-the-room.png,307,475,good,isbn13,https://covers.openlibrary.org/b/isbn/9781591840534-L.jpg?default=false,,4,10/13/2022,10/12/2022,Portfolio Trade,Paperback,440,2004,2003,high,,block07_r4c3.png,The Smartest Guys in the Room: The Amazing Rise and Scandalous Fall of Enron,Bethany McLean
,,,non-fiction,investing;entrepreneurship,biography;business,20th-century,2000s,united-states,2000s;20th-century;biography;business;entrepreneurship;investing;non-fiction;united-states,,schroeder_the-snowball,The Snowball,The Snowball: Warren Buffett and the Business of Life,Alice Schroeder,schroeder,9780553805093,0553805096,,https://www.amazon.com/dp/0553805096?tag=redrock07-20,direct,schroeder_the-snowball.png,331,500,good,isbn13,https://covers.openlibrary.org/b/isbn/9780553805093-L.jpg?default=false,,0,,10/6/2024,Bantam Books,Hardcover,960,2008,2008,high,,block06_r3c1.png,The Snowball: Warren Buffett and the Business of Life,Alice Schroeder
,,,non-fiction,,science;space,timeless,2000s,space,2000s;non-fiction;science;space;timeless,,hawking_the-theory-of-everything,The Theory of Everything,The Theory of Everything: The Origin and Fate of the Universe,Stephen W. Hawking,hawking,9780641587719,0641587716,,https://www.amazon.com/dp/0641587716?tag=redrock07-20,direct,hawking_the-theory-of-everything.png,365,500,good,ol-search2,https://covers.openlibrary.org/b/id/12188593-L.jpg,,3,7/22/2025,7/10/2025,New Millennium Entertainment,Unknown Binding,176,2002,2002,high,,block02_r3c1.png,The Theory of Everything: The Origin and Fate of the Universe,Stephen W. Hawking
,,,non-fiction,strategy;innovation;entrepreneurship,biography;technology;business,contemporary,2020s,united-states,2020s;biography;business;contemporary;entrepreneurship;innovation;non-fiction;strategy;technology;united-states,,witt_the-thinking-machine,The Thinking Machine,"The Thinking Machine: Jensen Huang, Nvidia, and the World's Most Coveted Microchip",Stephen Witt,witt,9780593832691,0593832698,,https://www.amazon.com/dp/0593832698?tag=redrock07-20,direct,witt_the-thinking-machine.png,326,500,good,isbn13,https://covers.openlibrary.org/b/isbn/9780593832691-L.jpg?default=false,,5,2/15/2026,2/2/2026,Viking,Hardcover,272,2025,2025,high,,block03_r3c3.png,"The Thinking Machine: Jensen Huang, Nvidia, and the World's Most Coveted Microchip",Stephen   Witt
,,,non-fiction,,science;history;nature,timeless,1990s,global,1990s;global;history;nature;non-fiction;science;timeless,,diamond_the-third-chimpanzee,The Third Chimpanzee,The Third Chimpanzee: The Evolution and Future of the Human Animal,Jared Diamond,diamond,9780060845506,0060845503,,https://www.amazon.com/dp/0060845503?tag=redrock07-20,direct,diamond_the-third-chimpanzee.png,320,500,good,isbn13,https://covers.openlibrary.org/b/isbn/9780060845506-L.jpg?default=false,,1,9/8/2018,8/11/2018,Harper Perennial,Paperback,407,2006,1991,high,,block04_r4c6.png,The Third Chimpanzee: The Evolution and Future of the Human Animal,Jared Diamond
,,,non-fiction,innovation;entrepreneurship,biography;history;technology,early-20th-century,2010s,united-states,2010s;biography;early-20th-century;entrepreneurship;history;innovation;non-fiction;technology;united-states,,mccullough_the-wright-brothers,The Wright Brothers,The Wright Brothers,David McCullough,mccullough,9781476728759,1476728755,,https://www.amazon.com/dp/1476728755?tag=redrock07-20,direct,mccullough_the-wright-brothers.png,1007,1500,good,hand-sourced,FOUND/mccullough_the-wright-brothers.jpg,,5,10/23/2018,8/11/2018,Simon & Schuster,Hardcover,320,2015,2015,high,,block08_r2c5.png,The Wright Brothers,David McCullough
,,,non-fiction,decision-making,psychology;economics,timeless,2010s,global,2010s;decision-making;economics;global;non-fiction;psychology;timeless,,kahneman_thinking-fast-and-slow,"Thinking, Fast and Slow","Thinking, Fast and Slow",Daniel Kahneman,kahneman,9780374275631,0374275637,,https://www.amazon.com/dp/0374275637?tag=redrock07-20,direct,kahneman_thinking-fast-and-slow.png,337,500,good,isbn13,https://covers.openlibrary.org/b/isbn/9780374275631-L.jpg?default=false,,3,9/19/2019,5/30/2019,"Farrar, Straus and Giroux",Hardcover,499,2011,2011,high,,block05_r4c6.png,"Thinking, Fast and Slow",Daniel Kahneman
,,,non-fiction,entrepreneurship;investing;strategy,biography;history;business,19th-century,1990s,united-states,1990s;19th-century;biography;business;entrepreneurship;history;investing;non-fiction;strategy;united-states,,chernow_titan,Titan,"Titan: The Life of John D. Rockefeller, Sr.",Ron Chernow,chernow,9781400077304,1400077303,,https://www.amazon.com/dp/1400077303?tag=redrock07-20,direct,chernow_titan.png,333,500,good,isbn13,https://covers.openlibrary.org/b/isbn/9781400077304-L.jpg?default=false,,5,3/4/2025,7/14/2019,Vintage,Paperback,832,2004,1998,high,,block05_r4c4.png,"Titan: The Life of John D. Rockefeller, Sr.",Ron Chernow
,,,non-fiction,leadership,biography;history;politics,mid-20th-century,1990s,united-states,1990s;biography;history;leadership;mid-20th-century;non-fiction;politics;united-states,,mccullough_truman,Truman,Truman,David McCullough,mccullough,9780671869205,0671869205,,https://www.amazon.com/dp/0671869205?tag=redrock07-20,direct,mccullough_truman.png,330,500,good,isbn13,https://covers.openlibrary.org/b/isbn/9780671869205-L.jpg?default=false,,0,,8/11/2018,Simon  Schuster,Paperback,1120,1993,1992,high,,block01_r4c5.png,Truman,David McCullough
,,,non-fiction,leadership;project-management,history;biography,19th-century,1990s,united-states,1990s;19th-century;biography;history;leadership;non-fiction;project-management;united-states,,ambrose_undaunted-courage,Undaunted Courage,Undaunted Courage: The Pioneering First Mission to Explore America's Wild Frontier,Stephen E. Ambrose,ambrose,9780743477888,074347788X,,https://www.amazon.com/dp/074347788X?tag=redrock07-20,direct,ambrose_undaunted-courage.png,325,500,good,isbn13,https://covers.openlibrary.org/b/isbn/9780743477888-L.jpg?default=false,,0,,8/11/2018,Simon & Schuster,Paperback,592,2003,1996,high,,block08_r2c1.png,Undaunted Courage: The Pioneering First Mission to Explore America's Wild Frontier,Stephen E. Ambrose
,,,non-fiction,entrepreneurship;leadership;investing,memoir;business,contemporary,2010s,united-states,2010s;business;contemporary;entrepreneurship;investing;leadership;memoir;non-fiction;united-states,,schwarzman_what-it-takes,What It Takes,What It Takes: Lessons in the Pursuit of Excellence,Stephen A. Schwarzman,schwarzman,9781508279143,1508279144,,https://www.amazon.com/dp/1508279144?tag=redrock07-20,direct,schwarzman_what-it-takes.png,430,500,good,isbn13,https://covers.openlibrary.org/b/isbn/9781508279143-L.jpg?default=false,,5,8/12/2026,7/2/2026,Simon & Schuster Audio,Audio CD,400,2019,2019,high,,block03_r1c4.png,What It Takes: Lessons in the Pursuit of Excellence,Stephen A. Schwarzman
,,,non-fiction,economics;strategy,economics;history;politics,multi-era,2010s,global,2010s;economics;global;history;multi-era;non-fiction;politics;strategy,,acemoglu_why-nations-fail,Why Nations Fail,"Why Nations Fail: The Origins of Power, Prosperity, and Poverty",Daron Acemoglu and James Robinson,acemoglu,9780307719218,0307719219,,https://www.amazon.com/dp/0307719219?tag=redrock07-20,direct,acemoglu_why-nations-fail.png,300,456,good,isbn13,https://covers.openlibrary.org/b/isbn/9780307719218-L.jpg?default=false,,5,12/12/2021,11/5/2021,Crown Currency,Hardcover,529,2012,2012,high,,block05_r2c1.png,"Why Nations Fail: The Origins of Power, Prosperity, and Poverty",Daron Acemoğlu
,,,non-fiction,,essays;literature,early-modern,1990s,britain,1990s;britain;early-modern;essays;literature;non-fiction,,saccio_william-shakespeare,William Shakespeare,"William Shakespeare: Comedies, Histories, and Tragedies",Peter Saccio,saccio,9781565856394,1565856392,,https://www.amazon.com/dp/1565856392?tag=redrock07-20,direct,saccio_william-shakespeare.png,1500,1500,good,hand-sourced,FOUND/saccio_william-shakespeare.jpg,,4,4/22/2019,2/9/2019,The Great Courses,Audible Audio,12,2013,1999,medium,"Great Courses cover; lecturer name is very small, read at low resolution",block04_r1c4.png,"William Shakespeare: Comedies, Histories and Tragedies",Peter Saccio
