DELETE,NEEDS_BETTER_COVER,NEEDS_ISBN,TAGS,NOTES_MINE,book_id,title_short,title_full,author,author_lastname,isbn13,isbn10,asin,amazon_url,link_type,cover_file,cover_width,cover_height,cover_quality,cover_source,cover_source_url,cover_notes,my_rating,date_read,date_added,publisher,binding,pages,year_published,original_pub_year,id_confidence,id_notes,source_block,goodreads_title,goodreads_author
,YES,,,,kim_a-necessary-lie,A Necessary Lie,A Necessary Lie,Doohyun Kim,kim,9.79899E+12,,B0CH3XJJ45,https://www.amazon.com/dp/B0CH3XJJ45?tag=redrock07-20,direct-asin,kim_a-necessary-lie.png,106,155,weak,local,local:covers/kim_a-necessary-lie.png,,5,10/6/2024,9/12/2024,,Kindle Edition,439,2023,,high,byline is not legible on the cover - author supplied by user (amazon.com/dp/B0CH3XJJ45); cover shows a co-author credit that remains illegible,block06_r3c4.png,A Necessary Lie: Escape for Freedom and Love,Doohyun Kim
,YES,,,,oneil_be-where-your-feet-are,Be Where Your Feet Are,"Be Where Your Feet Are: Seven Principles to Keep You Present, Grounded, and Thriving",Scott M. O'Neil,oneil,9.78125E+12,1250769876,,https://www.amazon.com/dp/1250769876?tag=redrock07-20,direct,oneil_be-where-your-feet-are.png,105,158,weak,local,local:covers/oneil_be-where-your-feet-are.png,,0,,11/5/2021,St. Martin's Essentials,Hardcover,272,2021,,high,with Randall A. Wright,block05_r2c2.png,"Be Where Your Feet Are: Seven Principles to Keep You Present, Grounded, and Thriving",Scott M. O'Neil
,YES,,,,mccullough_brave-companions,Brave Companions,Brave Companions: Portraits in History,David McCullough,mccullough,9.78167E+12,1668003546,,https://www.amazon.com/dp/1668003546?tag=redrock07-20,direct,mccullough_brave-companions.png,102,157,weak,local,local:covers/mccullough_brave-companions.png,,0,,8/11/2018,Simon Schuster,Paperback,240,1992,1991,high,,block01_r3c3.png,Brave Companions: Portraits in History,David McCullough
YES,YES,,,,rowling_harry-potter-and-the-half-blood-prince,Harry Potter and the Half-Blood Prince,Harry Potter and the Half-Blood Prince,J. K. Rowling,rowling,9.78134E+12,1338878972,,https://www.amazon.com/dp/1338878972?tag=redrock07-20,direct,rowling_harry-potter-and-the-half-blood-prince.png,106,150,weak,local,local:covers/rowling_harry-potter-and-the-half-blood-prince.png,,0,,8/11/2018,Scholastic Inc,Paperback,652,2006,2005,medium,title lettering is low-contrast against the artwork; identified largely from the cover art,block04_r3c4.png,"Harry Potter and the Half-Blood Prince (Harry Potter, #6)",J.K. Rowling
,YES,,,,jones_henry-v,Henry V,Henry V: The Astonishing Triumph of England's Greatest Warrior King,Dan Jones,jones,9.78059E+12,0593652738,,https://www.amazon.com/dp/0593652738?tag=redrock07-20,direct,jones_henry-v.png,105,155,weak,local,local:covers/jones_henry-v.png,,5,9/17/2025,9/3/2025,Viking,Hardcover,432,2024,2024,high,subtitle read at low resolution,block02_r2c1.png,Henry V: The Astonishing Triumph of England's Greatest Warrior King,Dan Jones
YES,YES,,,,zusak_i-am-the-messenger,I Am the Messenger,I Am the Messenger,Markus Zusak,zusak,9.78031E+12,030743348X,,https://www.amazon.com/dp/030743348X?tag=redrock07-20,direct,zusak_i-am-the-messenger.png,105,158,weak,reverted,local:covers/zusak_i-am-the-messenger.png,ISBN cover rejected: 'Coming soon from Random House' placeholder,5,10/6/2024,10/1/2024,Alfred A. Knopf Borzoi Books,Paperback,357,2006,2002,high,,block06_r3c2.png,I Am the Messenger,Markus Zusak
,YES,,,,renner_my-next-breath,My Next Breath,My Next Breath: A Memoir,Jeremy Renner,renner,9.78125E+12,1250383536,,https://www.amazon.com/dp/1250383536?tag=redrock07-20,direct,renner_my-next-breath.png,106,156,weak,local,local:covers/renner_my-next-breath.png,,5,12/17/2025,12/9/2025,Flatiron Books,Hardcover,224,2025,2025,high,,block03_r4c1.png,My Next Breath,Jeremy Renner
,YES,,,,tzuo_subscribed,Subscribed,Subscribed: Why the Subscription Model Will Be Your Company's Future - and What to Do About It,Tien Tzuo,tzuo,9.78053E+12,0525536469,,https://www.amazon.com/dp/0525536469?tag=redrock07-20,direct,tzuo_subscribed.png,106,156,weak,local,local:covers/tzuo_subscribed.png,,4,6/13/2020,5/29/2020,Portfolio,Kindle Edition,254,2018,2018,high,,block05_r3c6.png,Subscribed: Why the Subscription Model Will Be Your Company's Future - and What to Do About It,Tien Tzuo
,YES,,,,goodwin_team-of-rivals,Team of Rivals,Team of Rivals: The Political Genius of Abraham Lincoln,Doris Kearns Goodwin,goodwin,9.78074E+12,0739469762,,https://www.amazon.com/dp/0739469762?tag=redrock07-20,direct,goodwin_team-of-rivals.png,106,156,weak,reverted,local:covers/goodwin_team-of-rivals.png,title-search result rejected: library scan with barcode overlay,5,1/28/2024,12/31/2023,Simon & Schuster,Paperback,916,2006,2005,high,,block07_r2c4.png,Team of Rivals: The Political Genius of Abraham Lincoln,Doris Kearns Goodwin
YES,YES,,,,tuttle_the-child-whisperer,The Child Whisperer,"The Child Whisperer: The Ultimate Handbook for Raising Happy, Successful, Cooperative Children",Carol Tuttle,tuttle,9.78098E+12,0984402136,,https://www.amazon.com/dp/0984402136?tag=redrock07-20,direct,tuttle_the-child-whisperer.png,106,154,weak,local,local:covers/tuttle_the-child-whisperer.png,,3,6/25/2023,2/6/2023,Live Your Truth Press,Paperback,432,2012,2012,high,subtitle read at low resolution,block07_r3c2.png,"The Child Whisperer: The Ultimate Handbook for Raising Happy, Successful, Cooperative Children",Carol Tuttle
,YES,,,,farnes_the-conquer-code,The Conquer Code,The Conquer Code,Trevor Farnes,farnes,9.78196E+12,1957616725,,https://www.amazon.com/dp/1957616725?tag=redrock07-20,direct,farnes_the-conquer-code.png,106,149,weak,local,local:covers/farnes_the-conquer-code.png,,5,7/29/2024,7/20/2024,Fedd Books,Hardcover,232,2024,,high,surname corrected by user to Farnes (I misread the small cover lettering as FARMES),block06_r4c1.png,"The Conquer Code: Unlocking Success Through Failure, Faith, and Family",Trevor Farnes
,YES,,,,mcwilliams_the-history-of-money,The History of Money,The History of Money: A Story of Humanity,David McWilliams,mcwilliams,9.78125E+12,1250408180,,https://www.amazon.com/dp/1250408180?tag=redrock07-20,direct,mcwilliams_the-history-of-money.png,106,157,weak,local,local:covers/mcwilliams_the-history-of-money.png,,5,8/8/2026,2/14/2026,Henry Holt and Co.,Hardcover,416,2025,2024,high,,block03_r3c2.png,The History of Money: A Story of Humanity,David McWilliams
YES,YES,,,,tolkien_the-hobbit-or-there-and-back-again,"The Hobbit, or There and Back Again","The Hobbit, or There and Back Again",J. R. R. Tolkien,tolkien,9.78055E+12,054792822X,,https://www.amazon.com/dp/054792822X?tag=redrock07-20,direct,tolkien_the-hobbit-or-there-and-back-again.png,105,158,weak,reverted,local:covers/tolkien_the-hobbit-or-there-and-back-again.png,ISBN cover rejected: library barcode sticker across the title,0,,8/11/2018,Houghton Mifflin,Paperback,366,2002,1937,high,,block04_r2c5.png,"The Hobbit, or There and Back Again",J.R.R. Tolkien
YES,YES,,,,hinton_the-outsiders,The Outsiders,The Outsiders,S. E. Hinton,hinton,9.78074E+12,073623165X,,https://www.amazon.com/dp/073623165X?tag=redrock07-20,direct,hinton_the-outsiders.png,160,160,weak,isbn-refetch,https://covers.openlibrary.org/b/isbn/9780670532575-L.jpg,"title-search result rejected: Portuguese edition, 3D mockup render",0,,8/11/2018,Puffin Books (US/CAN),Mass Market Paperback,208,1997,1967,high,,block04_r2c4.png,The Outsiders,S.E. Hinton
,YES,,,,grumet_the-purpose-code,The Purpose Code,"The Purpose Code: How to Unlock Meaning, Maximize Happiness, and Leave a Lasting Legacy",Jordan Grumet,grumet,9.7818E+12,1804090859,,https://www.amazon.com/dp/1804090859?tag=redrock07-20,direct,grumet_the-purpose-code.png,105,167,weak,local,local:covers/grumet_the-purpose-code.png,,5,9/27/2025,9/17/2025,Harriman House,Hardcover,224,2025,,high,,block02_r1c5.png,"The Purpose Code: How to unlock meaning, maximize happiness, and leave a lasting legacy",Jordan Grumet
YES,YES,,,,tolkien_the-two-towers,The Two Towers,The Two Towers,J. R. R. Tolkien,tolkien,9.78055E+12,0547928203,,https://www.amazon.com/dp/0547928203?tag=redrock07-20,direct,tolkien_the-two-towers.png,98,167,weak,reverted,local:covers/tolkien_the-two-towers.png,"ISBN cover rejected: library scan, label pasted over the title",5,5/11/2022,5/11/2022,Ballantine Books,Mass Market Paperback,447,1973,1954,high,"The Lord of the Rings, Part Two",block05_r1c3.png,"The Two Towers (The Lord of the Rings, #2)",J.R.R. Tolkien
,YES,,,,saccio_william-shakespeare,William Shakespeare,"William Shakespeare: Comedies, Histories, and Tragedies",Peter Saccio,saccio,9.78157E+12,1565856392,,https://www.amazon.com/William-Shakespeare-Comedies-Histories-Tragedies/dp/B00DTO65BM?tag=redrock07-20,direct,saccio_william-shakespeare.png,106,116,weak,local,local:covers/saccio_william-shakespeare.png,,4,4/22/2019,2/9/2019,The Great Courses,Audible Audio,12,2013,1999,medium,"Great Courses cover; lecturer name is very small, read at low resolution",block04_r1c4.png,"William Shakespeare: Comedies, Histories and Tragedies",Peter Saccio
,,YES,,,mccullough_the-wright-brothers,The Wright Brothers,The Wright Brothers,David McCullough,mccullough,978-1476728759,,,https://www.amazon.com/s?k=The+Wright+Brothers+David+McCullough&i=stripbooks&tag=redrock07-20,search,mccullough_the-wright-brothers.png,241,350,usable,search,https://covers.openlibrary.org/b/id/7317364-L.jpg,,5,10/23/2018,8/11/2018,Simon & Schuster,Hardcover,320,2015,2015,high,,block08_r2c5.png,The Wright Brothers,David McCullough
,,,,,ambrose_band-of-brothers,Band of Brothers,Band of Brothers,Stephen E. Ambrose,ambrose,9.78074E+12,0743464117,,https://www.amazon.com/dp/0743464117?tag=redrock07-20,direct,ambrose_band-of-brothers.png,296,475,usable,isbn13,https://covers.openlibrary.org/b/isbn/9780743464116-L.jpg?default=false,,0,,3/24/2019,Simon & Schuster,Paperback,432,2002,1992,high,,block04_r1c3.png,"Band of Brothers: E Company, 506th Regiment, 101st Airborne from Normandy to Hitler's Eagle's Nest",Stephen E. Ambrose
YES,,,,,francis_decider,Decider,Decider,Dick Francis,francis,9.78043E+12,042519938X,,https://www.amazon.com/dp/042519938X?tag=redrock07-20,direct,francis_decider.png,299,500,usable,isbn13,https://covers.openlibrary.org/b/isbn/9780425199381-L.jpg?default=false,,3,5/21/2024,4/29/2024,G.P. Putnam's Sons,Mass Market Paperback,341,2004,1993,high,,block06_r4c6.png,Decider,Dick Francis
YES,,,,,rowling_harry-potter-and-the-sorcerers-stone,Harry Potter and the Sorcerer's Stone,Harry Potter and the Sorcerer's Stone,J. K. Rowling,rowling,9.78044E+12,0439554934,,https://www.amazon.com/dp/0439554934?tag=redrock07-20,direct,rowling_harry-potter-and-the-sorcerers-stone.png,265,400,usable,isbn-refetch,https://covers.openlibrary.org/b/isbn/9780439554930-L.jpg,"title-search result rejected: Scholastic study guide, not the novel",0,,8/11/2018,Scholastic Inc,Hardcover,309,2003,1997,high,,block04_r4c3.png,"Harry Potter and the Sorcerer's Stone (Harry Potter, #1)",J.K. Rowling
YES,,,,,waugh_last-seen-wearing,Last Seen Wearing,Last Seen Wearing,Hillary Waugh,waugh,9.78033E+12,0330389890,,https://www.amazon.com/dp/0330389890?tag=redrock07-20,direct,waugh_last-seen-wearing.png,287,475,usable,isbn13,https://covers.openlibrary.org/b/isbn/9780330389891-L.jpg?default=false,,3,4/29/2024,12/31/2023,Pan,Paperback,272,1999,1952,high,Pan Crime Classics,block07_r3c1.png,Last Seen Wearing,Hillary Waugh
,,,,,coppins_romney,Romney,Romney: A Reckoning,McKay Coppins,coppins,9.78198E+12,1982196238,,https://www.amazon.com/dp/1982196238?tag=redrock07-20,direct,coppins_romney.png,295,445,usable,isbn13,https://covers.openlibrary.org/b/isbn/9781982196233-L.jpg?default=false,,5,8/22/2026,8/12/2026,Scribner,ebook,416,2023,2023,high,,block03_r1c2.png,Romney: A Reckoning,McKay Coppins
,,,,,mcchrystal_team-of-teams,Team of Teams,Team of Teams: New Rules of Engagement for a Complex World,Stanley McChrystal,mcchrystal,9.78159E+12,1591847486,,https://www.amazon.com/dp/1591847486?tag=redrock07-20,direct,mcchrystal_team-of-teams.png,230,346,usable,isbn13,https://covers.openlibrary.org/b/isbn/9781591847489-L.jpg?default=false,,4,3/6/2021,1/29/2021,Portfolio,Hardcover,304,2015,2015,high,"credited on cover as General Stanley McChrystal, U.S. Army, Retired",block05_r2c6.png,Team of Teams: New Rules of Engagement for a Complex World,Stanley McChrystal
,,,,,rand_the-fountainhead,The Fountainhead,The Fountainhead,Ayn Rand,rand,9.78045E+12,0451191153,,https://www.amazon.com/dp/0451191153?tag=redrock07-20,direct,rand_the-fountainhead.png,293,500,usable,user-isbn,https://covers.openlibrary.org/b/isbn/9780451191151-L.jpg,,5,1/4/2021,11/25/2020,Signet Book,Mass Market Paperback,704,1996,1943,high,,block05_r3c4.png,The Fountainhead,Ayn Rand
,,YES,,,orwell_1984,1984,1984,George Orwell,orwell,978-0452262935,,,https://www.amazon.com/s?k=1984+George+Orwell&i=stripbooks&tag=redrock07-20,search,orwell_1984.png,327,500,good,search,https://covers.openlibrary.org/b/id/8745958-L.jpg,,5,,8/11/2018,New American Library,Mass Market Paperback,328,1950,1949,high,,block04_r4c4.png,1984,George Orwell
YES,,YES,,,towles_a-gentleman-in-moscow,A Gentleman in Moscow,A Gentleman in Moscow,Amor Towles,towles,,,,https://www.amazon.com/s?k=A+Gentleman+in+Moscow+Amor+Towles&i=stripbooks&tag=redrock07-20,search,towles_a-gentleman-in-moscow.png,327,500,good,search,https://covers.openlibrary.org/b/id/11326818-L.jpg,,5,3/4/2024,2/27/2024,Penguin Books,Paperback,495,2019,2016,high,,block07_r1c3.png,A Gentleman in Moscow,Amor Towles
,,YES,,,chernow_alexander-hamilton,Alexander Hamilton,Alexander Hamilton,Ron Chernow,chernow,978-0143034759,,,https://www.amazon.com/s?k=Alexander+Hamilton+Ron+Chernow&i=stripbooks&tag=redrock07-20,search,chernow_alexander-hamilton.png,328,500,good,search,https://covers.openlibrary.org/b/id/8261375-L.jpg,,0,,8/11/2018,Penguin Books,Paperback,818,2005,2004,high,,block01_r2c2.png,Alexander Hamilton,Ron Chernow
,,YES,,,orwell_animal-farm,Animal Farm,Animal Farm,George Orwell,orwell,,9.78045E+12,,https://www.amazon.com/s?k=Animal+Farm+George+Orwell&i=stripbooks&tag=redrock07-20,search,orwell_animal-farm.png,330,500,good,search,https://covers.openlibrary.org/b/id/11261770-L.jpg,,0,,8/11/2018,Plume,Paperback,129,2003,1945,high,"Centennial Edition, foreword by Ann Patchett",block04_r3c1.png,Animal Farm,George Orwell
,,YES,,,clear_atomic-habits,Atomic Habits,Atomic Habits: An Easy & Proven Way to Build Good Habits & Break Bad Ones,James Clear,clear,978-0735211292,,,https://www.amazon.com/s?k=Atomic+Habits+James+Clear&i=stripbooks&tag=redrock07-20,search,clear_atomic-habits.png,369,500,good,ol-search2,https://covers.openlibrary.org/b/id/12539702-L.jpg,,5,10/2/2019,9/19/2019,Avery,Kindle Edition,319,2018,2018,high,,block05_r4c2.png,Atomic Habits: An Easy & Proven Way to Build Good Habits & Break Bad Ones,James Clear
YES,,YES,,,fey_bossypants,Bossypants,Bossypants,Tina Fey,fey,,,,https://www.amazon.com/s?k=Bossypants+Tina+Fey&i=stripbooks&tag=redrock07-20,search,fey_bossypants.png,323,500,good,search,https://covers.openlibrary.org/b/id/6717606-L.jpg,,4,10/7/2025,10/2/2025,Reagan Arthur Books,ebook,283,2011,2011,high,,block02_r1c4.png,Bossypants,Tina Fey
YES,,YES,,,dostoyevsky_crime-and-punishment,Crime and Punishment,Crime and Punishment,Fyodor Dostoyevsky,dostoyevsky,,,,https://www.amazon.com/s?k=Crime+and+Punishment+Fyodor+Dostoyevsky&i=stripbooks&tag=redrock07-20,search,dostoyevsky_crime-and-punishment.png,306,500,good,ol-search2,https://covers.openlibrary.org/b/id/14831464-L.jpg,,2,5/25/2024,10/12/2022,Penguin,Paperback,671,2002,1866,high,Penguin Classics,block07_r4c2.png,Crime and Punishment,Fyodor Dostoevsky
YES,,YES,,,austen_emma,Emma,Emma,Jane Austen,austen,,,,https://www.amazon.com/s?k=Emma+Jane+Austen&i=stripbooks&tag=redrock07-20,search,austen_emma.png,322,500,good,search,https://covers.openlibrary.org/b/id/9278312-L.jpg,,4,12/13/2025,12/2/2025,Penguin Books,Paperback,474,2003,1815,medium,"Penguin Classics; title set in small italics, read at low resolution",block03_r4c2.png,Emma,Jane Austen
,,YES,,,lansing_endurance,Endurance,Endurance: Shackleton's Incredible Voyage,Alfred Lansing,lansing,978-0465062881,,,https://www.amazon.com/Atomic-Habits-Proven-Build-Break/dp/0735211299?tag=redrock0720,search,lansing_endurance.png,325,500,good,search,https://covers.openlibrary.org/b/id/540107-L.jpg,,0,,8/11/2018,Carroll & Graf Publishers,Hardcover,282,1999,1959,high,,block08_r2c2.png,Endurance: Shackleton's Incredible Voyage,Alfred Lansing
,,YES,,,weatherford_genghis-khan-and-the-making-of-the-modern-world,Genghis Khan and the Making of the Modern World,Genghis Khan and the Making of the Modern World,Jack Weatherford,weatherford,978-0609809648,,,https://www.amazon.com/s?k=Genghis+Khan+and+the+Making+of+the+Modern+World+Jack+Weatherford&i=stripbooks&tag=redrock07-20,search,weatherford_genghis-khan-and-the-making-of-the-modern-world.png,317,475,good,search,https://covers.openlibrary.org/b/id/390818-L.jpg,,0,,8/11/2018,Broadway Books,Kindle Edition,352,2018,2004,high,,block01_r4c6.png,Genghis Khan and the Making of the Modern World,Jack Weatherford
YES,,YES,,,rowling_harry-potter-and-the-deathly-hallows,Harry Potter and the Deathly Hallows,Harry Potter and the Deathly Hallows,J. K. Rowling,rowling,,,,https://www.amazon.com/s?k=Harry+Potter+and+the+Deathly+Hallows+J.+K.+Rowling&i=stripbooks&tag=redrock07-20,search,rowling_harry-potter-and-the-deathly-hallows.png,318,500,good,ol-search2,https://covers.openlibrary.org/b/id/15158660-L.jpg,,0,,8/11/2018,Arthur A. Levine Books,Hardcover,759,2007,2007,high,,block04_r3c3.png,"Harry Potter and the Deathly Hallows (Harry Potter, #7)",J.K. Rowling
YES,,YES,,,shetterly_hidden-figures,Hidden Figures,Hidden Figures,Margot Lee Shetterly,shetterly,,,,https://www.amazon.com/s?k=Hidden+Figures+Margot+Lee+Shetterly&i=stripbooks&tag=redrock07-20,search,shetterly_hidden-figures.png,323,500,good,search,https://covers.openlibrary.org/b/id/10661694-L.jpg,,5,11/25/2020,10/2/2020,William Morrow Paperbacks,Paperback,349,2016,2016,high,,block05_r3c5.png,Hidden Figures,Margot Lee Shetterly
YES,,YES,,,garcia_ikigai,Ikigai,Ikigai: The Japanese Secret to a Long and Happy Life,Hector Garcia and Francesc Miralles,garcia,,,,https://www.amazon.com/s?k=Ikigai+Hector+Garcia+and+Francesc+Miralles&i=stripbooks&tag=redrock07-20,search,garcia_ikigai.png,353,500,good,ol-search2,https://covers.openlibrary.org/b/id/11300391-L.jpg,,3,7/19/2026,7/19/2026,,Unknown Binding,208,2017,2016,medium,author line on cover is very small; read at low resolution,block03_r1c3.png,Ikigai: The Japanese Secret to a Long and Happy Life,Héctor  García
YES,,YES,,,austen_mansfield-park,Mansfield Park,Mansfield Park,Jane Austen,austen,,,,https://www.amazon.com/s?k=Mansfield+Park+Jane+Austen&i=stripbooks&tag=redrock07-20,search,austen_mansfield-park.png,325,500,good,search,https://covers.openlibrary.org/b/id/14618737-L.jpg,,3,1/13/2026,12/17/2025,Penguin Books,Paperback,488,2003,1814,medium,"Penguin Classics; title set in small italics, read at low resolution",block03_r3c5.png,Mansfield Park,Jane Austen
YES,,YES,,,sanderson_oathbringer,Oathbringer,Oathbringer,Brandon Sanderson,sanderson,,,,https://www.amazon.com/s?k=Oathbringer+Brandon+Sanderson&i=stripbooks&tag=redrock07-20,search,sanderson_oathbringer.png,314,500,good,ol-search2,https://covers.openlibrary.org/b/id/14658111-L.jpg,,5,5/15/2026,4/30/2026,Tor Books,Hardcover,1248,2017,2017,high,Book Three of The Stormlight Archive,block03_r2c2.png,"Oathbringer (The Stormlight Archive, #3)",Brandon Sanderson
YES,,YES,,,dickens_oliver-twist,Oliver Twist,Oliver Twist,Charles Dickens,dickens,,,,https://www.amazon.com/s?k=Oliver+Twist+Charles+Dickens&i=stripbooks&tag=redrock07-20,search,dickens_oliver-twist.png,326,500,good,search,https://covers.openlibrary.org/b/id/13300802-L.jpg,,5,10/30/2023,12/31/2023,Penguin Books,Paperback,608,2003,1838,high,Penguin Classics,block07_r2c6.png,Oliver Twist,Charles Dickens
YES,,YES,,,zusak_the-book-thief,The Book Thief,The Book Thief,Markus Zusak,zusak,,,,https://www.amazon.com/s?k=The+Book+Thief+Markus+Zusak&i=stripbooks&tag=redrock07-20,search,zusak_the-book-thief.png,304,475,good,search,https://covers.openlibrary.org/b/id/8153054-L.jpg,,5,12/10/2024,11/25/2024,Alfred A. Knopf,Kindle Edition,592,2006,2005,medium,title lettering is stylized and low-contrast; the author line on the cover is not legible at this resolution,block06_r2c6.png,The Book Thief,Markus Zusak
,,YES,,,levinson_the-box,The Box,The Box: How the Shipping Container Made the World Smaller and the World Economy Bigger,Marc Levinson,levinson,978-0691170817,,,https://www.amazon.com/s?k=The+Box+Marc+Levinson&i=stripbooks&tag=redrock07-20,search,levinson_the-box.png,331,500,good,local,local:covers/levinson_the-box.png,,4,9/30/2023,12/31/2023,Princeton University Press,Paperback,544,2016,2006,high,"source grid held a placeholder cover with truncated title text; image replaced at user request with the real Princeton UP cover (ISBN 0691136408) from covers.openlibrary.org, 331x500 - NOT a crop from the source screenshots",block07_r2c5.png,The Box: How the Shipping Container Made the World Smaller and the World Economy Bigger,Marc Levinson
YES,,YES,,,tuchman_the-guns-of-august,The Guns of August,The Guns of August,Barbara W. Tuchman,tuchman,,,,https://www.amazon.com/s?k=The+Guns+of+August+Barbara+W.+Tuchman&i=stripbooks&tag=redrock07-20,search,tuchman_the-guns-of-august.png,355,500,good,ol-search2,https://covers.openlibrary.org/b/id/15101430-L.jpg,,3,10/2/2020,8/11/2018,Random House,Kindle Edition,710,2009,1962,high,,block04_r4c5.png,The Guns of August,Barbara W. Tuchman
,,YES,,,pausch_the-last-lecture,The Last Lecture,The Last Lecture,Randy Pausch,pausch,978-1401323257,,,https://www.amazon.com/s?k=The+Last+Lecture+Randy+Pausch&i=stripbooks&tag=redrock07-20,search,pausch_the-last-lecture.png,375,500,good,search,https://covers.openlibrary.org/b/id/6423395-L.jpg,,5,2/10/2025,2/6/2025,Hachette Books,Kindle Edition,217,2008,2008,high,with Jeffrey Zaslow,block06_r1c5.png,The Last Lecture,Randy Pausch
YES,,YES,,,lewis_the-lion-the-witch-and-the-wardrobe,"The Lion, the Witch and the Wardrobe","The Lion, the Witch and the Wardrobe",C. S. Lewis,lewis,,,,https://www.amazon.com/s?k=The+Lion%2C+the+Witch+and+the+Wardrobe+C.+S.+Lewis&i=stripbooks&tag=redrock07-20,search,lewis_the-lion-the-witch-and-the-wardrobe.png,375,500,good,ol-search2,https://covers.openlibrary.org/b/id/10626869-L.jpg,,0,,5/11/2022,HarperCollins Publishers,Paperback,206,2005,1950,high,The Chronicles of Narnia,block05_r1c1.png,"The Lion, the Witch and the Wardrobe (Chronicles of Narnia, #1)",C.S. Lewis
,,YES,,,graff_the-only-plane-in-the-sky,The Only Plane in the Sky,The Only Plane in the Sky: An Oral History of 9/11,Garrett M. Graff,graff,978-1501182211,,,https://www.amazon.com/s?k=The+Only+Plane+in+the+Sky+Garrett+M.+Graff&i=stripbooks&tag=redrock07-20,search,graff_the-only-plane-in-the-sky.png,329,499,good,ol-search2,https://covers.openlibrary.org/b/id/8779094-L.jpg,,5,5/15/2025,5/14/2025,Simon & Schuster Audio ,Audible Audio,16,2019,2019,medium,author name on cover is very small; read at low resolution,block02_r4c2.png,The Only Plane in the Sky: An Oral History of 9/11,Garrett M. Graff
,,YES,,,kaufman_the-personal-mba,The Personal MBA,The Personal MBA,Josh Kaufman,kaufman,978-0525543022,,,https://www.amazon.com/s?k=The+Personal+MBA+Josh+Kaufman&i=stripbooks&tag=redrock07-20,search,kaufman_the-personal-mba.png,327,500,good,search,https://covers.openlibrary.org/b/id/6713257-L.jpg,,5,9/3/2025,8/28/2025,Generic,Paperback,496,,,high,10th Anniversary Edition,block02_r2c3.png,The Personal MBA,Josh Kaufman
,,,,,feynman_surely-youre-joking-mr-feynman,"""Surely You're Joking, Mr. Feynman!""","""Surely You're Joking, Mr. Feynman!"": Adventures of a Curious Character",Richard P. Feynman,feynman,9.78039E+12,0393355624,,https://www.amazon.com/dp/0393355624?tag=redrock07-20,direct,feynman_surely-youre-joking-mr-feynman.png,332,500,good,isbn13,https://covers.openlibrary.org/b/isbn/9780393355628-L.jpg?default=false,,5,10/2/2025,6/28/2025,W. W. Norton & Company,Paperback,400,2018,1985,high,,block02_r3c3.png,"""Surely You're Joking, Mr. Feynman!"": Adventures of a Curious Character",Richard P. Feynman
,,,,,peterson_12-rules-for-life,12 Rules for Life,12 Rules for Life: An Antidote to Chaos,Jordan B. Peterson,peterson,9.78035E+12,0345816021,,https://www.amazon.com/dp/0345816021?tag=redrock07-20,direct,peterson_12-rules-for-life.png,331,500,good,isbn13,https://covers.openlibrary.org/b/isbn/9780345816023-L.jpg?default=false,,4,1/30/2023,12/31/2023,Random House Canada,Hardcover,409,2018,2018,high,a sliver of the row above is clipped into the top of the source screenshot,block07_r1c6.png,12 Rules for Life: An Antidote to Chaos,Jordan B. Peterson
,,,,,mccullough_1776,1776,1776,David McCullough,mccullough,9.78074E+12,0743226720,,https://www.amazon.com/dp/0743226720?tag=redrock07-20,direct,mccullough_1776.png,318,500,good,isbn13,https://covers.openlibrary.org/b/isbn/9780743226721-L.jpg?default=false,,0,,8/11/2018,Simon  Schuster,Paperback,386,2006,2005,high,,block01_r3c1.png,1776,David McCullough
,,,,,harari_21-lessons-for-the-21st-century,21 Lessons for the 21st Century,21 Lessons for the 21st Century,Yuval Noah Harari,harari,9.78053E+12,0525512179,,https://www.amazon.com/dp/0525512179?tag=redrock07-20,direct,harari_21-lessons-for-the-21st-century.png,318,500,good,isbn13,https://covers.openlibrary.org/b/isbn/9780525512172-L.jpg?default=false,,2,10/28/2025,10/17/2025,Random House,Hardcover,372,2018,2018,high,,block02_r1c3.png,21 Lessons for the 21st Century,Yuval Noah Harari
,,,,,standage_a-brief-history-of-motion,A Brief History of Motion,"A Brief History of Motion: From the Wheel, to the Car, to What Comes Next",Tom Standage,standage,9.78164E+12,1635573610,,https://www.amazon.com/dp/1635573610?tag=redrock07-20,direct,standage_a-brief-history-of-motion.png,329,500,good,isbn13,https://covers.openlibrary.org/b/isbn/9781635573619-L.jpg?default=false,,5,8/12/2026,6/3/2026,Bloomsbury Publishing,Hardcover,272,2021,2021,high,,block03_r1c6.png,"A Brief History of Motion: From the Wheel, to the Car, to What Comes Next",Tom Standage
,,,,,hawking_a-brief-history-of-time,A Brief History of Time,A Brief History of Time,Stephen Hawking,hawking,9.78055E+12,0553380168,,https://www.amazon.com/dp/0553380168?tag=redrock07-20,direct,hawking_a-brief-history-of-time.png,328,500,good,isbn13,https://covers.openlibrary.org/b/isbn/9780553380163-L.jpg?default=false,,4,7/29/2025,7/22/2025,Bantam Books,Paperback,226,1998,1988,high,,block02_r2c6.png,A Brief History of Time,Stephen W. Hawking
,,,,,standage_a-history-of-the-world-in-6-glasses,A History of the World in 6 Glasses,A History of the World in 6 Glasses,Tom Standage,standage,9.7808E+12,0802715524,,https://www.amazon.com/dp/0802715524?tag=redrock07-20,direct,standage_a-history-of-the-world-in-6-glasses.png,333,500,good,isbn13,https://covers.openlibrary.org/b/isbn/9780802715524-L.jpg?default=false,,5,11/13/2025,9/3/2025,Bloomsbury,Paperback,336,2006,2005,high,,block02_r2c2.png,A History of the World in 6 Glasses,Tom Standage
YES,,,,,backman_a-man-called-ove,A Man Called Ove,A Man Called Ove,Fredrik Backman,backman,9.78148E+12,1476738017,,https://www.amazon.com/dp/1476738017?tag=redrock07-20,direct,backman_a-man-called-ove.png,309,475,good,isbn13,https://covers.openlibrary.org/b/isbn/9781476738017-L.jpg?default=false,,5,12/19/2024,12/12/2024,Atria Books,Hardcover,337,2014,2012,high,,block06_r2c4.png,A Man Called Ove,Fredrik Backman
,,,,,white_a-lincoln,A. Lincoln,A. Lincoln: A Biography,"Ronald C. White, Jr.",white,9.7814E+12,1400064996,,https://www.amazon.com/dp/1400064996?tag=redrock07-20,direct,white_a-lincoln.png,332,500,good,search,https://covers.openlibrary.org/b/id/7316596-L.jpg,,5,2/9/2019,2/9/2019,Random House ,Hardcover,816,2009,2009,medium,title appears as a signature; subtitle too small to confirm on the cover,block04_r1c5.png,A. Lincoln,Ronald C. White Jr.
,,,,,herriot_all-creatures-great-and-small,All Creatures Great and Small,All Creatures Great and Small,James Herriot,herriot,9.78125E+12,1250057833,,https://www.amazon.com/dp/1250057833?tag=redrock07-20,direct,herriot_all-creatures-great-and-small.png,324,500,good,isbn13,https://covers.openlibrary.org/b/isbn/9781250057839-L.jpg?default=false,,0,,8/11/2018,Griffin,Paperback,442,2014,1970,high,,block01_r1c5.png,All Creatures Great and Small (All Creatures Great and Small #1-2),James Herriot
,,,,,herriot_all-things-bright-and-beautiful,All Things Bright and Beautiful,All Things Bright and Beautiful,James Herriot,herriot,9.78031E+12,0312330863,,https://www.amazon.com/dp/0312330863?tag=redrock07-20,direct,herriot_all-things-bright-and-beautiful.png,333,500,good,isbn13,https://covers.openlibrary.org/b/isbn/9780312330866-L.jpg?default=false,,5,10/1/2018,8/11/2018,St. Martin's Griffin,Paperback,378,2004,1976,high,,block01_r1c4.png,"All Things Bright and Beautiful (All Creatures Great and Small, #3-4)",James Herriot
,,,,,herriot_all-things-wise-and-wonderful,All Things Wise and Wonderful,All Things Wise and Wonderful,James Herriot,herriot,9.78031E+12,0312335288,,https://www.amazon.com/dp/0312335288?tag=redrock07-20,direct,herriot_all-things-wise-and-wonderful.png,333,500,good,isbn13,https://covers.openlibrary.org/b/isbn/9780312335281-L.jpg?default=false,,5,10/23/2018,8/11/2018,St. Martin's Griffin,Paperback,448,2004,1978,high,,block01_r1c3.png,"All Things Wise and Wonderful (All Creatures Great and Small, #5-6)",James Herriot
,,,,,dawson_american-sherlock,American Sherlock,"American Sherlock: Murder, Forensics, and the Birth of American CSI",Kate Winkler Dawson,dawson,9.78053E+12,0525539557,,https://www.amazon.com/dp/0525539557?tag=redrock07-20,direct,dawson_american-sherlock.png,329,499,good,isbn13,https://covers.openlibrary.org/b/isbn/9780525539551-L.jpg?default=false,,4,7/20/2024,7/5/2024,G.P. Putnam's Sons,Hardcover,336,2020,2020,medium,subtitle read at low resolution,block06_r4c2.png,"American Sherlock: Murder, Forensics, and the Birth of American CSI",Kate Winkler Dawson
,,,,,harreld_an-economic-history-of-the-world-since-1400,An Economic History of the World since 1400,An Economic History of the World since 1400,Donald Harreld,harreld,9.78163E+12,1629973122,,https://www.amazon.com/dp/1629973122?tag=redrock07-20,direct,harreld_an-economic-history-of-the-world-since-1400.png,351,500,good,user-isbn,https://covers.openlibrary.org/b/isbn/9781629973128-L.jpg,,0,,8/11/2018,The Great Courses,Audible Audio,25,2016,2016,high,Great Courses; lecturer name is illegible on the cover - supplied by user (audible.com/pd/B01K4ZNTFS),block01_r4c3.png,An Economic History of the World since 1400,Donald J. Harreld
,,,,,baker_ancient-rome,Ancient Rome,Ancient Rome: The Rise and Fall of an Empire,Simon Baker,baker,9.78185E+12,1846072840,,https://www.amazon.com/dp/1846072840?tag=redrock07-20,direct,baker_ancient-rome.png,320,500,good,isbn13,https://covers.openlibrary.org/b/isbn/9781846072840-L.jpg?default=false,,3,,8/11/2018,BBC Physical Audio,Paperback,447,2007,2006,high,,block01_r2c6.png,Ancient Rome: The Rise and Fall of An Empire,Simon Baker
,,,,,sowell_applied-economics,Applied Economics,Applied Economics: Thinking Beyond Stage One,Thomas Sowell,sowell,9.78047E+12,0465081436,,https://www.amazon.com/dp/0465081436?tag=redrock07-20,direct,sowell_applied-economics.png,317,475,good,isbn13,https://covers.openlibrary.org/b/isbn/9780465081431-L.jpg?default=false,,5,1/29/2021,1/4/2021,Basic Books,Hardcover,256,2003,2003,high,,block05_r3c1.png,Applied Economics: Thinking Beyond Stage One,Thomas Sowell
,,,,,frahm_assyria,Assyria,Assyria: The Rise and Fall of the World's First Empire,Eckart Frahm,frahm,9.78154E+12,1541674405,,https://www.amazon.com/dp/1541674405?tag=redrock07-20,direct,frahm_assyria.png,323,500,good,isbn13,https://covers.openlibrary.org/b/isbn/9781541674400-L.jpg?default=false,,3,6/3/2026,2/14/2026,Basic Books,Hardcover,528,2023,2023,high,,block03_r3c1.png,Assyria: The Rise and Fall of the World’s First Empire,Eckart Frahm
,,,,,tyson_astrophysics-for-people-in-a-hurry,Astrophysics for People in a Hurry,Astrophysics for People in a Hurry,Neil deGrasse Tyson,tyson,9.78039E+12,0393609391,,https://www.amazon.com/dp/0393609391?tag=redrock07-20,direct,tyson_astrophysics-for-people-in-a-hurry.png,308,500,good,isbn13,https://covers.openlibrary.org/b/isbn/9780393609394-L.jpg?default=false,,5,5/28/2025,5/23/2025,W. W. Norton & Company,Hardcover,223,2017,2017,high,,block02_r4c1.png,Astrophysics for People in a Hurry,Neil deGrasse Tyson
,,,,,rand_atlas-shrugged,Atlas Shrugged,Atlas Shrugged,Ayn Rand,rand,9.78045E+12,0452011876,,https://www.amazon.com/dp/0452011876?tag=redrock07-20,direct,rand_atlas-shrugged.png,326,500,good,isbn13,https://covers.openlibrary.org/b/isbn/9780452011878-L.jpg?default=false,,5,6/13/2020,8/11/2018,Plume,Paperback,1168,1999,1957,high,,block01_r3c6.png,Atlas Shrugged,Ayn Rand
,,,,,heller_ayn-rand-and-the-world-she-made,Ayn Rand and the World She Made,Ayn Rand and the World She Made,Anne C. Heller,heller,9.78039E+12,0385513992,,https://www.amazon.com/dp/0385513992?tag=redrock07-20,direct,heller_ayn-rand-and-the-world-she-made.png,328,500,good,isbn13,https://covers.openlibrary.org/b/isbn/9780385513999-L.jpg?default=false,,5,3/21/2025,3/7/2025,Nan A. Talese,Hardcover,568,2009,2009,high,,block06_r1c4.png,Ayn Rand and the World She Made,Anne C. Heller
,,,,,sowell_basic-economics,Basic Economics,Basic Economics: A Citizen's Guide to the Economy,Thomas Sowell,sowell,9.78047E+12,0465081452,,https://www.amazon.com/dp/0465081452?tag=redrock07-20,direct,sowell_basic-economics.png,315,475,good,isbn13,https://covers.openlibrary.org/b/isbn/9780465081455-L.jpg?default=false,,0,,11/5/2021,Basic Books,Hardcover,448,2003,2000,high,,block05_r1c6.png,Basic Economics: A Citizen's Guide to the Economy,Thomas Sowell
,,,,,schwarzenegger_be-useful,Be Useful,Be Useful: Seven Tools for Life,Arnold Schwarzenegger,schwarzenegger,9.78059E+12,0593655958,,https://www.amazon.com/dp/0593655958?tag=redrock07-20,direct,schwarzenegger_be-useful.png,331,500,good,isbn13,https://covers.openlibrary.org/b/isbn/9780593655955-L.jpg?default=false,,5,9/5/2026,9/3/2026,Penguin Press,Hardcover,288,2023,2023,high,,block03_r1c1.png,Be Useful: Seven Tools for Life,Arnold Schwarzenegger
,,,,,isaacson_benjamin-franklin,Benjamin Franklin,Benjamin Franklin: An American Life,Walter Isaacson,isaacson,9.78074E+12,074325807X,,https://www.amazon.com/dp/074325807X?tag=redrock07-20,direct,isaacson_benjamin-franklin.png,457,500,good,isbn13,https://covers.openlibrary.org/b/isbn/9780743258074-L.jpg?default=false,,5,,9/19/2019,Simon & Schuster,Paperback,586,2004,2003,high,,block05_r4c3.png,Benjamin Franklin: An American Life,Walter Isaacson
,,,,,robichaux_cable-cowboy,Cable Cowboy,Cable Cowboy: John Malone and the Rise of the Modern Cable Business,Mark Robichaux,robichaux,9.78047E+12,047170637X,,https://www.amazon.com/dp/047170637X?tag=redrock07-20,direct,robichaux_cable-cowboy.png,323,500,good,isbn13,https://covers.openlibrary.org/b/isbn/9780471706373-L.jpg?default=false,,0,2/28/2023,8/11/2018,Wiley,Paperback,336,2005,2002,high,,block01_r1c1.png,Cable Cowboy,Mark Robichaux
,,,,,rand_capitalism,Capitalism,Capitalism: The Unknown Ideal,Ayn Rand,rand,9.78045E+12,0451147952,,https://www.amazon.com/dp/0451147952?tag=redrock07-20,direct,rand_capitalism.png,304,500,good,isbn13,https://covers.openlibrary.org/b/isbn/9780451147950-L.jpg?default=false,,5,11/6/2025,10/28/2025,Signet,Mass Market Paperback,340,1986,1946,high,source crop was clipped at the top; image replaced with user-supplied Rand_Capitalism.jpg (Signet Authorized Edition - a different edition cover than the screenshot) - NOT a crop from the source screenshots,block02_r1c1.png,Capitalism: The Unknown Ideal,Ayn Rand
,,,,,ricks_churchill-and-orwell,Churchill & Orwell,Churchill & Orwell: The Fight for Freedom,Thomas E. Ricks,ricks,9.78159E+12,1594206139,,https://www.amazon.com/dp/1594206139?tag=redrock07-20,direct,ricks_churchill-and-orwell.png,329,500,good,isbn13,https://covers.openlibrary.org/b/isbn/9781594206139-L.jpg?default=false,,5,2/4/2025,1/27/2025,Penguin Pr,Hardcover,352,2017,2017,high,,block06_r1c6.png,Churchill and Orwell: The Fight for Freedom,Thomas E. Ricks
,,,,,catmull_creativity-inc,"Creativity, Inc.","Creativity, Inc.: Overcoming the Unseen Forces That Stand in the Way of True Inspiration",Ed Catmull,catmull,9.78081E+12,0812993012,,https://www.amazon.com/dp/0812993012?tag=redrock07-20,direct,catmull_creativity-inc.png,328,500,good,isbn13,https://covers.openlibrary.org/b/isbn/9780812993011-L.jpg?default=false,,5,7/5/2024,6/26/2024,Random House,Hardcover,368,2014,2014,high,with Amy Wallace,block06_r4c3.png,"Creativity, Inc.: Overcoming the Unseen Forces That Stand in the Way of True Inspiration",Ed Catmull
,,,,,goldratt_critical-chain,Critical Chain,Critical Chain,Eliyahu M. Goldratt,goldratt,9.78088E+12,0884271536,,https://www.amazon.com/dp/0884271536?tag=redrock07-20,direct,goldratt_critical-chain.png,319,475,good,isbn13,https://covers.openlibrary.org/b/isbn/9780884271536-L.jpg?default=false,,5,3/6/2026,12/9/2025,The North River Press,Paperback,246,2002,1997,high,,block03_r3c6.png,Critical Chain,Eliyahu M. Goldratt
,,,,,gladwell_david-and-goliath,David and Goliath,"David and Goliath: Underdogs, Misfits, and the Art of Battling Giants",Malcolm Gladwell,gladwell,9.78032E+12,0316204366,,https://www.amazon.com/dp/0316204366?tag=redrock07-20,direct,gladwell_david-and-goliath.png,349,500,good,isbn13,https://covers.openlibrary.org/b/isbn/9780316204361-L.jpg?default=false,,0,,8/11/2018,"Little, Brown and Company",Hardcover,305,2013,2013,high,subtitle read at low resolution,block01_r4c2.png,"David and Goliath: Underdogs, Misfits, and the Art of Battling Giants",Malcolm Gladwell
YES,,,,,sanderson_edgedancer,Edgedancer,Edgedancer,Brandon Sanderson,sanderson,9.78125E+12,1250166543,,https://www.amazon.com/dp/1250166543?tag=redrock07-20,direct,sanderson_edgedancer.png,320,500,good,isbn13,https://covers.openlibrary.org/b/isbn/9781250166548-L.jpg?default=false,,5,7/3/2026,7/1/2026,Tor Books,Hardcover,272,2017,2016,high,'From the Stormlight Archive',block03_r1c5.png,"Edgedancer (The Stormlight Archive, #2.5)",Brandon Sanderson
,,,,,westover_educated,Educated,Educated: A Memoir,Tara Westover,westover,9.7804E+12,0399590501,,https://www.amazon.com/dp/0399590501?tag=redrock07-20,direct,westover_educated.png,329,500,good,isbn13,https://covers.openlibrary.org/b/isbn/9780399590504-L.jpg?default=false,,5,10/17/2019,8/11/2018,Random House,Hardcover,352,2018,2018,high,,block04_r2c6.png,Educated,Tara Westover
,,,,,vance_elon-musk,Elon Musk,"Elon Musk: Tesla, SpaceX, and the Quest for a Fantastic Future",Ashlee Vance,vance,9.78006E+12,0062301233,,https://www.amazon.com/dp/0062301233?tag=redrock07-20,direct,vance_elon-musk.png,331,499,good,isbn13,https://covers.openlibrary.org/b/isbn/9780062301239-L.jpg?default=false,,5,8/28/2018,8/25/2018,Ecco,Hardcover,392,2015,2015,high,,block04_r1c6.png,"Elon Musk: Tesla, SpaceX, and the Quest for a Fantastic Future",Ashlee Vance
,,,,,keefe_empire-of-pain,Empire of Pain,Empire of Pain: The Secret History of the Sackler Dynasty,Patrick Radden Keefe,keefe,9.78039E+12,0385545681,,https://www.amazon.com/dp/0385545681?tag=redrock07-20,direct,keefe_empire-of-pain.png,329,500,good,isbn13,https://covers.openlibrary.org/b/isbn/9780385545686-L.jpg?default=false,,5,8/30/2023,12/31/2023,Doubleday,Hardcover,535,2021,2021,high,,block07_r2c2.png,Empire of Pain: The Secret History of the Sackler Dynasty,Patrick Radden Keefe
,,,,,mckeown_essentialism,Essentialism,Essentialism: The Disciplined Pursuit of Less,Greg McKeown,mckeown,9.7808E+12,0804137404,,https://www.amazon.com/dp/0804137404?tag=redrock07-20,direct,mckeown_essentialism.png,324,500,good,user-isbn,https://covers.openlibrary.org/b/isbn/9780804137409-L.jpg,,0,,12/31/2020,Crown Currency,Hardcover,260,2014,2011,high,,block05_r3c2.png,Essentialism: The Disciplined Pursuit of Less,Greg McKeown
,,,,,taleb_fooled-by-randomness,Fooled by Randomness,Fooled by Randomness: The Hidden Role of Chance in Life and in the Markets,Nassim Nicholas Taleb,taleb,9.78081E+12,0812975219,,https://www.amazon.com/dp/0812975219?tag=redrock07-20,direct,taleb_fooled-by-randomness.png,324,500,good,isbn13,https://covers.openlibrary.org/b/isbn/9780812975215-L.jpg?default=false,,5,10/9/2019,10/2/2019,Random House Trade Paperbacks,Paperback,368,2005,2001,high,,block05_r4c1.png,Fooled by Randomness: The Hidden Role of Chance in Life and in the Markets (Incerto),Nassim Nicholas Taleb
,,,,,friedman_from-beirut-to-jerusalem,From Beirut to Jerusalem,From Beirut to Jerusalem,Thomas L. Friedman,friedman,9.78039E+12,0385413726,,https://www.amazon.com/dp/0385413726?tag=redrock07-20,direct,friedman_from-beirut-to-jerusalem.png,305,475,good,isbn13,https://covers.openlibrary.org/b/isbn/9780385413725-L.jpg?default=false,,5,9/19/2024,3/24/2019,Anchor,Paperback,541,1995,1989,high,,block04_r1c2.png,From Beirut to Jerusalem,Thomas L. Friedman
,,,,,gleick_genius,Genius,Genius: The Life and Science of Richard Feynman,James Gleick,gleick,9.78068E+12,0679747044,,https://www.amazon.com/dp/0679747044?tag=redrock07-20,direct,gleick_genius.png,306,475,good,isbn13,https://covers.openlibrary.org/b/isbn/9780679747048-L.jpg?default=false,,5,6/17/2025,11/28/2024,Vintage,Paperback,531,1993,1993,high,,block06_r2c5.png,Genius: The Life and Science of Richard Feynman,James Gleick
,,,,,means_good-energy,Good Energy,Good Energy: The Surprising Connection Between Metabolism and Limitless Health,Casey Means,means,9.78059E+12,0593712641,,https://www.amazon.com/dp/0593712641?tag=redrock07-20,direct,means_good-energy.png,331,500,good,isbn13,https://covers.openlibrary.org/b/isbn/9780593712641-L.jpg?default=false,,5,1/10/2025,1/9/2025,Avery,Hardcover,400,2024,2024,high,with Calley Means,block06_r2c2.png,Good Energy: The Surprising Connection Between Metabolism and Limitless Health,Casey Means
,,,,,collins_good-to-great,Good to Great,Good to Great,Jim Collins,collins,9.78007E+12,0066620996,,https://www.amazon.com/dp/0066620996?tag=redrock07-20,direct,collins_good-to-great.png,330,500,good,isbn13,https://covers.openlibrary.org/b/isbn/9780066620992-L.jpg?default=false,,0,,8/11/2018,Harper Business,Hardcover,300,2001,2001,high,cover subtitle ('Why Some Companies Make the Leap... and Others Don't') too small to read reliably; omitted,block01_r3c4.png,Good to Great: Why Some Companies Make the Leap... and Others Don't,Jim Collins
,,,,,duckworth_grit,Grit,Grit: The Power of Passion and Perseverance,Angela Duckworth,duckworth,9.78144E+12,1443442313,,https://www.amazon.com/dp/1443442313?tag=redrock07-20,direct,duckworth_grit.png,329,500,good,isbn13,https://covers.openlibrary.org/b/isbn/9781443442312-L.jpg?default=false,,0,,8/11/2018,Collins,Hardcover,277,2016,2016,high,,block08_r2c3.png,Grit: The Power of Passion and Perseverance,Angela Duckworth
YES,,,,,rowling_harry-potter-and-the-chamber-of-secrets,Harry Potter and the Chamber of Secrets,Harry Potter and the Chamber of Secrets,J. K. Rowling,rowling,9.78134E+12,133887893X,,https://www.amazon.com/dp/133887893X?tag=redrock07-20,direct,rowling_harry-potter-and-the-chamber-of-secrets.png,344,500,good,user-isbn,https://covers.openlibrary.org/b/isbn/9781338878936-L.jpg,,0,,8/11/2018,Arthur A. Levine Books,Hardcover,341,1999,1998,high,,block04_r4c2.png,"Harry Potter and the Chamber of Secrets (Harry Potter, #2)",J.K. Rowling
YES,,,,,rowling_harry-potter-and-the-goblet-of-fire,Harry Potter and the Goblet of Fire,Harry Potter and the Goblet of Fire,J. K. Rowling,rowling,9.78044E+12,0439139597,,https://www.amazon.com/dp/0439139597?tag=redrock07-20,direct,rowling_harry-potter-and-the-goblet-of-fire.png,329,500,good,isbn13,https://covers.openlibrary.org/b/isbn/9780439139595-L.jpg?default=false,,0,,8/11/2018,Scholastic,Paperback,734,2002,2000,high,,block04_r3c6.png,"Harry Potter and the Goblet of Fire (Harry Potter, #4)",J.K. Rowling
YES,,,,,rowling_harry-potter-and-the-order-of-the-phoenix,Harry Potter and the Order of the Phoenix,Harry Potter and the Order of the Phoenix,J. K. Rowling,rowling,9.78044E+12,0439686520,,https://www.amazon.com/dp/0439686520?tag=redrock07-20,direct,rowling_harry-potter-and-the-order-of-the-phoenix.png,304,500,good,ol-search2,https://covers.openlibrary.org/b/id/15158666-L.jpg,,0,,8/11/2018,Scholastic Inc.,Paperback,576,2004,2003,medium,illustrated edition (Jim Kay); title lettering is low-contrast against the artwork,block04_r3c5.png,"Harry Potter and the Order of the Phoenix (Harry Potter, #5)",J.K. Rowling
YES,,,,,rowling_harry-potter-and-the-prisoner-of-azkaban,Harry Potter and the Prisoner of Azkaban,Harry Potter and the Prisoner of Azkaban,J. K. Rowling,rowling,9.78044E+12,043965548X,,https://www.amazon.com/dp/043965548X?tag=redrock07-20,direct,rowling_harry-potter-and-the-prisoner-of-azkaban.png,323,500,good,ol-search2,https://covers.openlibrary.org/b/id/10580435-L.jpg,,0,,8/11/2018,Scholastic Inc.,Mass Market Paperback,547,2004,1999,high,,block04_r4c1.png,"Harry Potter and the Prisoner of Azkaban (Harry Potter, #3)",J.K. Rowling
YES,,,,,chase_how-to-become-a-federal-criminal,How to Become a Federal Criminal,How to Become a Federal Criminal: An Illustrated Handbook for the Aspiring Offender,Mike Chase,chase,9.78198E+12,1982112514,,https://www.amazon.com/dp/1982112514?tag=redrock07-20,direct,chase_how-to-become-a-federal-criminal.png,500,500,good,ol-search2,https://covers.openlibrary.org/b/id/13112853-L.jpg,,4,12/9/2025,12/2/2025,Atria Books,Hardcover,320,2019,2019,high,,block03_r4c3.png,How to Become a Federal Criminal: An Illustrated Handbook for the Aspiring Offender,Mike Chase
,,,,,brooks_how-to-know-a-person,How to Know a Person,How to Know a Person: The Art of Seeing Others Deeply and Being Deeply Seen,David Brooks,brooks,9.78059E+12,059323006X,,https://www.amazon.com/dp/059323006X?tag=redrock07-20,direct,brooks_how-to-know-a-person.png,329,500,good,isbn,https://covers.openlibrary.org/b/isbn/059323006X-L.jpg?default=false,,5,4/20/2026,4/11/2025,Random House,Kindle Edition,306,2023,2023,high,,block02_r4c3.png,How to Know a Person: The Art of Seeing Others Deeply and Being Deeply Seen,David  Brooks
,,,,,powell_it-worked-for-me,It Worked for Me,It Worked for Me: In Life and Leadership,Colin Powell,powell,9.78006E+12,0062135147,,https://www.amazon.com/dp/0062135147?tag=redrock07-20,direct,powell_it-worked-for-me.png,333,500,good,ol-search2,https://covers.openlibrary.org/b/id/8997286-L.jpg,,5,4/18/2026,4/17/2026,Harper,ebook,304,2012,2012,high,with Tony Koltz,block03_r2c3.png,It Worked for Me: In Life and Leadership,Colin Powell
,,,,,mccullough_john-adams,John Adams,John Adams,David McCullough,mccullough,9.78074E+12,0743223136,,https://www.amazon.com/dp/0743223136?tag=redrock07-20,direct,mccullough_john-adams.png,329,500,good,isbn13,https://covers.openlibrary.org/b/isbn/9780743223133-L.jpg?default=false,,0,,8/11/2018,Simon & Schuster Paperbacks,Paperback,751,2001,2001,high,,block01_r3c2.png,John Adams,David McCullough
,,,,,isaacson_leonardo-da-vinci,Leonardo da Vinci,Leonardo da Vinci,Walter Isaacson,isaacson,9.7815E+12,1501139150,,https://www.amazon.com/dp/1501139150?tag=redrock07-20,direct,isaacson_leonardo-da-vinci.png,329,500,good,isbn13,https://covers.openlibrary.org/b/isbn/9781501139154-L.jpg?default=false,,5,2/9/2019,8/11/2018,Simon & Schuster,Hardcover,600,2017,2017,high,,block04_r2c1.png,Leonardo da Vinci,Walter Isaacson
,,,,,bahcall_loonshots,Loonshots,"Loonshots: How to Nurture the Crazy Ideas That Win Wars, Cure Diseases, and Transform Industries",Safi Bahcall,bahcall,9.78125E+12,1250185963,,https://www.amazon.com/dp/1250185963?tag=redrock07-20,direct,bahcall_loonshots.png,329,500,good,isbn13,https://covers.openlibrary.org/b/isbn/9781250185969-L.jpg?default=false,,0,,12/31/2020,St. Martin's Press,Hardcover,368,2019,2019,high,,block05_r3c3.png,"Loonshots: How to Nurture the Crazy Ideas That Win Wars, Cure Diseases, and Transform Industries",Safi Bahcall
,,,,,stewart_making-it-so,Making It So,Making It So: A Memoir,Patrick Stewart,stewart,9.78198E+12,1982167734,,https://www.amazon.com/dp/1982167734?tag=redrock07-20,direct,stewart_making-it-so.png,331,500,good,isbn13,https://covers.openlibrary.org/b/isbn/9781982167738-L.jpg?default=false,,5,8/24/2024,8/21/2024,Gallery Books,Hardcover,469,2023,2023,high,,block06_r3c6.png,Making It So,Patrick   Stewart
,,,,,frankl_mans-search-for-meaning,Man's Search for Meaning,Man's Search for Meaning,Viktor E. Frankl,frankl,9.78081E+12,080701429X,,https://www.amazon.com/dp/080701429X?tag=redrock07-20,direct,frankl_mans-search-for-meaning.png,302,500,good,isbn13,https://covers.openlibrary.org/b/isbn/9780807014295-L.jpg?default=false,,4,4/29/2025,12/31/2024,Beacon Press,Paperback,165,2006,1946,high,,block06_r2c3.png,Man's Search for Meaning,Viktor E. Frankl
,,,,,aurelius_meditations,Meditations,Meditations,Marcus Aurelius,aurelius,9.78014E+12,0140449337,,https://www.amazon.com/dp/0140449337?tag=redrock07-20,direct,aurelius_meditations.png,324,500,good,isbn13,https://covers.openlibrary.org/b/isbn/9780140449334-L.jpg?default=false,,4,3/27/2025,3/21/2025,Penguin Books,Paperback,254,2006,180,high,Penguin Classics,block06_r1c2.png,Meditations,Marcus Aurelius
YES,,,,,melville_moby-dick-or-the-whale,"Moby-Dick, or, The Whale","Moby-Dick, or, The Whale",Herman Melville,melville,9.78014E+12,0142437247,,https://www.amazon.com/dp/0142437247?tag=redrock07-20,direct,melville_moby-dick-or-the-whale.png,316,475,good,isbn13,https://covers.openlibrary.org/b/isbn/9780142437247-L.jpg?default=false,,4,11/25/2024,9/24/2024,Penguin Classics ,Paperback,720,2003,1851,high,Penguin Classics,block06_r3c3.png,"Moby-Dick or, The Whale",Herman Melville
,,,,,rogoff_muppets-in-moscow,Muppets in Moscow,Muppets in Moscow,Natasha Lance Rogoff,rogoff,9.78154E+12,1538161281,,https://www.amazon.com/dp/1538161281?tag=redrock07-20,direct,rogoff_muppets-in-moscow.png,340,500,good,isbn13,https://covers.openlibrary.org/b/isbn/9781538161289-L.jpg?default=false,,5,1/14/2025,1/9/2025,Rowman & Littlefield Publishers,Hardcover,267,2022,2022,high,cover subtitle about making Sesame Street in Russia is too small to read reliably; omitted,block06_r2c1.png,Muppets in Moscow: The Unexpected Crazy True Story of Making Sesame Street in Russia,Natasha Lance Rogoff
,,,,,voss_never-split-the-difference,Never Split the Difference,Never Split the Difference: Negotiating as If Your Life Depended on It,Chris Voss,voss,9.78006E+12,0062407805,,https://www.amazon.com/dp/0062407805?tag=redrock07-20,direct,voss_never-split-the-difference.png,321,500,good,isbn13,https://covers.openlibrary.org/b/isbn/9780062407801-L.jpg?default=false,,0,,11/5/2021,Harper Business,Hardcover,274,2016,2016,high,with Tahl Raz,block05_r1c5.png,Never Split the Difference: Negotiating As If Your Life Depended On It,Chris Voss
YES,,,,,austen_northanger-abbey,Northanger Abbey,Northanger Abbey,Jane Austen,austen,9.78159E+12,1593082649,,https://www.amazon.com/dp/1593082649?tag=redrock07-20,direct,austen_northanger-abbey.png,304,500,good,isbn13,https://covers.openlibrary.org/b/isbn/9781593082642-L.jpg?default=false,,3,12/2/2025,11/25/2025,Barnes & Noble Classics,Paperback,260,2005,1817,high,,block03_r4c4.png,Northanger Abbey,Jane Austen
,,,,,grant_originals,Originals,Originals: How Non-Conformists Move the World,Adam Grant,grant,9.78053E+12,0525429565,,https://www.amazon.com/dp/0525429565?tag=redrock07-20,direct,grant_originals.png,324,500,good,isbn13,https://covers.openlibrary.org/b/isbn/9780525429562-L.jpg?default=false,,4,8/25/2018,8/11/2018,Viking,Hardcover,326,2016,2016,high,,block08_r2c4.png,Originals: How Non-Conformists Move the World,Adam M. Grant
,,,,,gladwell_outliers,Outliers,Outliers: The Story of Success,Malcolm Gladwell,gladwell,9.78032E+12,0316017922,,https://www.amazon.com/dp/0316017922?tag=redrock07-20,direct,gladwell_outliers.png,332,500,good,ol-search2,https://covers.openlibrary.org/b/id/10021591-L.jpg,,0,,8/11/2018,"Little, Brown and Company",Hardcover,309,2008,2008,high,,block01_r4c1.png,Outliers: The Story of Success,Malcolm Gladwell
,,,,,attia_outlive,Outlive,Outlive: The Science & Art of Longevity,Peter Attia,attia,9.78059E+12,0593236599,,https://www.amazon.com/dp/0593236599?tag=redrock07-20,direct,attia_outlive.png,385,500,good,isbn13,https://covers.openlibrary.org/b/isbn/9780593236598-L.jpg?default=false,,5,7/31/2023,12/31/2023,Harmony,Hardcover,496,2023,2023,high,with Bill Gifford,block07_r2c3.png,Outlive: The Science & Art of Longevity,Peter Attia
YES,,,,,austen_persuasion,Persuasion,Persuasion,Jane Austen,austen,9.78019E+12,0192802631,,https://www.amazon.com/dp/0192802631?tag=redrock07-20,direct,austen_persuasion.png,312,500,good,isbn13,https://covers.openlibrary.org/b/isbn/9780192802637-L.jpg?default=false,,5,2/2/2026,1/23/2026,Oxford University Press,Paperback,249,2004,1817,high,Oxford World's Classics,block03_r3c4.png,Persuasion,Jane Austen
,,,,,munger_poor-charlies-almanack,Poor Charlie's Almanack,Poor Charlie's Almanack: The Wit and Wisdom of Charles T. Munger,Charles T. Munger,munger,9.78158E+12,157864366X,,https://www.amazon.com/dp/157864366X?tag=redrock07-20,direct,munger_poor-charlies-almanack.png,484,500,good,ol-search2,https://covers.openlibrary.org/b/id/8337563-L.jpg,,5,9/12/2026,9/13/2025,Donning Co Pub,Hardcover,512,2006,2005,high,edited by Peter D. Kaufman; foreword by Warren E. Buffett,block02_r1c6.png,Poor Charlie's Almanack: The Wit and Wisdom of Charles T. Munger,Charles T. Munger
,,,,,jones_powers-and-thrones,Powers and Thrones,Powers and Thrones: A New History of the Middle Ages,Dan Jones,jones,9.78198E+12,198488087X,,https://www.amazon.com/dp/198488087X?tag=redrock07-20,direct,jones_powers-and-thrones.png,331,500,good,isbn13,https://covers.openlibrary.org/b/isbn/9781984880871-L.jpg?default=false,,5,12/2/2022,10/22/2022,Viking,Hardcover,636,2021,2021,high,,block07_r3c6.png,Powers and Thrones: A New History of the Middle Ages,Dan Jones
YES,,,,,austen_pride-and-prejudice,Pride and Prejudice,Pride and Prejudice,Jane Austen,austen,9.78144E+12,1441341706,,https://www.amazon.com/dp/1441341706?tag=redrock07-20,direct,austen_pride-and-prejudice.png,313,500,good,search,https://covers.openlibrary.org/b/id/14348537-L.jpg,,5,,8/11/2018,Modern Library,Paperback,279,2023,1813,high,,block04_r3c2.png,Pride and Prejudice,Jane Austen
,,,,,dalio_principles,Principles,Principles,Ray Dalio,dalio,9.78151E+12,1508243247,,https://www.amazon.com/dp/1508243247?tag=redrock07-20,direct,dalio_principles.png,428,500,good,isbn13,https://covers.openlibrary.org/b/isbn/9781508243243-L.jpg?default=false,,5,6/25/2025,6/17/2025,Simon & Schuster Audio,Audio CD,16,2017,2017,high,,block02_r3c5.png,Principles: Life and Work,Ray Dalio
,,,,,weir_project-hail-mary,Project Hail Mary,Project Hail Mary,Andy Weir,weir,9.78059E+12,0593135202,,https://www.amazon.com/dp/0593135202?tag=redrock07-20,direct,weir_project-hail-mary.png,325,500,good,ol-search2,https://covers.openlibrary.org/b/id/11200092-L.jpg,,5,11/4/2022,10/22/2022,Ballantine Books,Hardcover,476,2021,2021,high,,block07_r4c1.png,Project Hail Mary,Andy Weir
YES,,,,,cline_ready-player-one,Ready Player One,Ready Player One,Ernest Cline,cline,9.78031E+12,030788743X,,https://www.amazon.com/dp/030788743X?tag=redrock07-20,direct,cline_ready-player-one.png,329,500,good,isbn13,https://covers.openlibrary.org/b/isbn/9780307887436-L.jpg?default=false,,5,11/4/2025,11/3/2025,Crown Publishers,Hardcover,480,2011,2011,high,,block03_r4c6.png,"Ready Player One (Ready Player One, #1)",Ernest Cline
YES,,,,,gaskill_sacred-symbols,Sacred Symbols,"Sacred Symbols: Finding Meaning in Rites, Rituals, & Ordinances",Alonzo L. Gaskill,gaskill,9.7816E+12,159955965X,,https://www.amazon.com/dp/159955965X?tag=redrock07-20,direct,gaskill_sacred-symbols.png,329,500,good,isbn13,https://covers.openlibrary.org/b/isbn/9781599559650-L.jpg?default=false,,4,8/9/2022,5/11/2022,"Cedar Fort, Incorporated/C F I Distribution",Hardcover,320,2011,2011,high,,block07_r4c6.png,"Sacred Symbols: Finding Meaning in Rites, Rituals and Ordinances",Alonzo L. Gaskill
,,,,,kurlansky_salt,Salt,Salt: A World History,Mark Kurlansky,kurlansky,9.78014E+12,0142001619,,https://www.amazon.com/dp/0142001619?tag=redrock07-20,direct,kurlansky_salt.png,312,475,good,isbn13,https://covers.openlibrary.org/b/isbn/9780142001615-L.jpg?default=false,,5,6/3/2026,10/19/2025,Penguin Books,Paperback,484,2003,2002,high,,block02_r1c2.png,Salt: A World History,Mark Kurlansky
YES,,,,,cheng_see-you-in-the-cosmos,See You in the Cosmos,See You in the Cosmos,Jack Cheng,cheng,9.7804E+12,0399186379,,https://www.amazon.com/dp/0399186379?tag=redrock07-20,direct,cheng_see-you-in-the-cosmos.png,334,500,good,isbn13,https://covers.openlibrary.org/b/isbn/9780399186370-L.jpg?default=false,,5,7/8/2025,6/28/2025,Dial Books,Hardcover,315,2017,2017,high,,block02_r3c2.png,See You in the Cosmos,Jack Cheng
YES,,,,,austen_sense-and-sensibility,Sense and Sensibility,Sense and Sensibility,Jane Austen,austen,9.78014E+12,0141439661,,https://www.amazon.com/dp/0141439661?tag=redrock07-20,direct,austen_sense-and-sensibility.png,313,500,good,isbn13,https://covers.openlibrary.org/b/isbn/9780141439662-L.jpg?default=false,,5,11/25/2025,11/13/2025,Penguin Books,Paperback,409,2003,1811,medium,"Penguin Classics; title set in small italics, read at low resolution",block03_r4c5.png,Sense and Sensibility,Jane Austen
YES,,,,,stewart_seven-miracles-that-saved-america,Seven Miracles That Saved America,Seven Miracles That Saved America,Chris Stewart and Ted Stewart,stewart,9.78161E+12,1606411446,,https://www.amazon.com/dp/1606411446?tag=redrock07-20,direct,stewart_seven-miracles-that-saved-america.png,327,500,good,isbn13,https://covers.openlibrary.org/b/isbn/9781606411445-L.jpg?default=false,,4,12/12/2021,11/5/2021,Shadow Mountain,Hardcover,356,2009,2009,high,,block05_r2c3.png,Seven Miracles That Saved America: Why They Matter and Why We Should Have Hope,Chris Stewart
,,,,,knight_shoe-dog,Shoe Dog,Shoe Dog: A Memoir by the Creator of Nike,Phil Knight,knight,9.7815E+12,1501135910,,https://www.amazon.com/dp/1501135910?tag=redrock07-20,direct,knight_shoe-dog.png,331,500,good,isbn13,https://covers.openlibrary.org/b/isbn/9781501135910-L.jpg?default=false,,0,,8/11/2018,Scribner,Hardcover,400,2016,2016,high,,block01_r3c5.png,Shoe Dog: A Memoir by the Creator of Nike,Phil Knight
,,,,,gates_source-code,Source Code,Source Code: My Beginnings,Bill Gates,gates,9.78059E+12,059380158X,,https://www.amazon.com/dp/059380158X?tag=redrock07-20,direct,gates_source-code.png,325,500,good,ol-search2,https://covers.openlibrary.org/b/id/14851913-L.jpg,,5,4/10/2025,3/28/2025,Knopf,Hardcover,336,2025,2025,high,,block02_r4c5.png,Source Code: My Beginnings,Bill  Gates
,,,,,isaacson_steve-jobs,Steve Jobs,Steve Jobs,Walter Isaacson,isaacson,9.78198E+12,1982176865,,https://www.amazon.com/dp/1982176865?tag=redrock07-20,direct,isaacson_steve-jobs.png,333,500,good,user-isbn,https://covers.openlibrary.org/b/isbn/9781982176860-L.jpg,,5,5/30/2019,5/4/2019,Simon & Schuster,Hardcover,630,2011,2011,high,,block04_r1c1.png,Steve Jobs,Walter Isaacson
,,,,,gladwell_talking-to-strangers,Talking to Strangers,Talking to Strangers: What We Should Know About the People We Don't Know,Malcolm Gladwell,gladwell,9.78032E+12,0316478520,,https://www.amazon.com/dp/0316478520?tag=redrock07-20,direct,gladwell_talking-to-strangers.png,336,499,good,isbn13,https://covers.openlibrary.org/b/isbn/9780316478526-L.jpg?default=false,,4,4/30/2023,12/31/2023,"Little, Brown and Company",Hardcover,388,2019,2019,high,,block07_r1c4.png,Talking to Strangers: What We Should Know About the People We Don't Know,Malcolm Gladwell
YES,,,,,chapman_the-5-love-languages,The 5 Love Languages,The 5 Love Languages: The Secret to Love That Lasts,Gary Chapman,chapman,9.7808E+12,080241270X,,https://www.amazon.com/dp/080241270X?tag=redrock07-20,direct,chapman_the-5-love-languages.png,324,500,good,user-isbn,https://covers.openlibrary.org/b/isbn/9780802412706-L.jpg,,5,5/29/2025,5/28/2025,Northfield Publishing,Kindle Edition,232,2024,1990,high,,block02_r3c6.png,The 5 Love Languages: The Secret to Love That Lasts,Gary Chapman
,,,,,haidt_the-anxious-generation,The Anxious Generation,The Anxious Generation: How the Great Rewiring of Childhood Is Causing an Epidemic of Mental Illness,Jonathan Haidt,haidt,9.78059E+12,0593655036,,https://www.amazon.com/dp/0593655036?tag=redrock07-20,direct,haidt_the-anxious-generation.png,328,500,good,isbn13,https://covers.openlibrary.org/b/isbn/9780593655030-L.jpg?default=false,,4,4/24/2025,3/21/2025,Penguin Press,Hardcover,385,2024,2024,high,,block06_r1c1.png,The Anxious Generation: How the Great Rewiring of Childhood Caused an Epidemic of Mental Illness,Jonathan Haidt
YES,,,,,gladwell_the-bomber-mafia,The Bomber Mafia,"The Bomber Mafia: A Dream, a Temptation, and the Longest Night of the Second World War",Malcolm Gladwell,gladwell,9.78032E+12,0316309850,,https://www.amazon.com/dp/0316309850?tag=redrock07-20,direct,gladwell_the-bomber-mafia.png,336,500,good,isbn13,https://covers.openlibrary.org/b/isbn/9780316309851-L.jpg?default=false,,2,,4/29/2024,"Little, Brown and Company",Hardcover,320,2021,2021,high,,block06_r4c5.png,"The Bomber Mafia: A Dream, a Temptation, and the Longest Night of the Second World War",Malcolm Gladwell
,,,,,brown_the-boys-in-the-boat,The Boys in the Boat,The Boys in the Boat: Nine Americans and Their Epic Quest for Gold at the 1936 Berlin Olympics,Daniel James Brown,brown,9.78067E+12,067002581X,,https://www.amazon.com/dp/067002581X?tag=redrock07-20,direct,brown_the-boys-in-the-boat.png,316,500,good,isbn13,https://covers.openlibrary.org/b/isbn/9780670025817-L.jpg?default=false,,0,,8/11/2018,Viking,Hardcover,404,2013,2013,high,,block01_r2c3.png,The Boys in the Boat: Nine Americans and Their Epic Quest for Gold at the 1936 Berlin Olympics,Daniel James Brown
,,,,,gawande_the-checklist-manifesto,The Checklist Manifesto,The Checklist Manifesto: How to Get Things Right,Atul Gawande,gawande,9.78081E+12,0805091742,,https://www.amazon.com/dp/0805091742?tag=redrock07-20,direct,gawande_the-checklist-manifesto.png,335,500,good,isbn13,https://covers.openlibrary.org/b/isbn/9780805091748-L.jpg?default=false,,5,5/22/2026,2/17/2026,Metropolitan Books,Hardcover,208,2009,2009,high,,block03_r2c6.png,The Checklist Manifesto: How to Get Things Right,Atul Gawande
YES,,,,,evans_the-christmas-box,The Christmas Box,The Christmas Box,Richard Paul Evans,evans,9.78068E+12,0684832356,,https://www.amazon.com/dp/0684832356?tag=redrock07-20,direct,evans_the-christmas-box.png,339,500,good,isbn13,https://covers.openlibrary.org/b/isbn/9780684832357-L.jpg?default=false,,3,12/15/2023,12/31/2023,Simon & Schuster,Hardcover,128,1996,1993,medium,title and author set in small script on a decorative binding; read at low resolution,block07_r1c5.png,"The Christmas Box (The Christmas Box, #1)",Richard Paul Evans
,,,,,lukianoff_the-coddling-of-the-american-mind,The Coddling of the American Mind,The Coddling of the American Mind: How Good Intentions and Bad Ideas Are Setting Up a Generation for Failure,Greg Lukianoff and Jonathan Haidt,lukianoff,9.78074E+12,0735224919,,https://www.amazon.com/dp/0735224919?tag=redrock07-20,direct,lukianoff_the-coddling-of-the-american-mind.png,326,500,good,user-isbn,https://covers.openlibrary.org/b/isbn/9780735224919-L.jpg,,5,11/5/2021,3/6/2021,Penguin Press,Kindle Edition,352,2018,2018,high,,block05_r2c5.png,The Coddling of the American Mind: How Good Intentions and Bad Ideas Are Setting up a Generation for Failure,Jonathan Haidt
,,,,,watson_the-double-helix,The Double Helix,The Double Helix,James D. Watson,watson,9.78074E+12,074321630X,,https://www.amazon.com/dp/074321630X?tag=redrock07-20,direct,watson_the-double-helix.png,330,500,good,user-isbn,https://covers.openlibrary.org/b/isbn/9780743216302-L.jpg,,5,7/7/2025,6/17/2025,Signet Books,Paperback,143,1969,1968,high,,block02_r3c4.png,The Double Helix,James D. Watson
YES,,,,,patchett_the-dutch-house,The Dutch House,The Dutch House: A Novel,Ann Patchett,patchett,9.78006E+12,0062963678,,https://www.amazon.com/dp/0062963678?tag=redrock07-20,direct,patchett_the-dutch-house.png,315,475,good,isbn13,https://covers.openlibrary.org/b/isbn/9780062963673-L.jpg?default=false,,4,6/30/2023,12/31/2023,Harper,Hardcover,337,2019,2019,high,,block07_r2c1.png,The Dutch House,Ann Patchett
,,,,,mukherjee_the-emperor-of-all-maladies,The Emperor of All Maladies,The Emperor of All Maladies: A Biography of Cancer,Siddhartha Mukherjee,mukherjee,9.78144E+12,1439170916,,https://www.amazon.com/dp/1439170916?tag=redrock07-20,direct,mukherjee_the-emperor-of-all-maladies.png,324,500,good,user-isbn,https://covers.openlibrary.org/b/isbn/9781439170915-L.jpg,,5,,8/11/2018,Scribner,Hardcover,472,2010,2010,high,subtitle set in very small caps; read at low resolution,block01_r2c4.png,The Emperor of All Maladies: A Biography of Cancer,Siddhartha Mukherjee
,,,,,brenner_the-emperors-of-chocolate,The Emperors of Chocolate,The Emperors of Chocolate: Inside the Secret World of Hershey & Mars,Joel Glenn Brenner,brenner,9.78077E+12,0767904575,,https://www.amazon.com/dp/0767904575?tag=redrock07-20,direct,brenner_the-emperors-of-chocolate.png,321,475,good,isbn13,https://covers.openlibrary.org/b/isbn/9780767904575-L.jpg?default=false,,5,12/29/2023,1/16/2023,Broadway Books,Paperback,367,2000,1998,medium,title and author appear only in a small medallion on the cover,block07_r3c4.png,The Emperors of Chocolate: Inside the Secret World of Hershey and Mars,Joël Glenn Brenner
YES,,,,,tolkien_the-fellowship-of-the-ring,The Fellowship of the Ring,The Fellowship of the Ring,J. R. R. Tolkien,tolkien,9.78055E+12,0547928211,,https://www.amazon.com/dp/0547928211?tag=redrock07-20,direct,tolkien_the-fellowship-of-the-ring.png,314,500,good,user-isbn,https://covers.openlibrary.org/b/isbn/9780547928210-L.jpg,,5,4/15/2022,5/11/2022,Ballantine Books,Mass Market Paperback,527,1973,1954,high,"The Lord of the Rings, Part One",block05_r1c4.png,"The Fellowship of the Ring (The Lord of the Rings, #1)",J.R.R. Tolkien
,,,,,lopezalt_the-food-lab,The Food Lab,The Food Lab: Better Home Cooking Through Science,J. Kenji Lopez-Alt,lopezalt,9.78039E+12,0393081087,,https://www.amazon.com/dp/0393081087?tag=redrock07-20,direct,lopezalt_the-food-lab.png,389,500,good,isbn13,https://covers.openlibrary.org/b/isbn/9780393081084-L.jpg?default=false,,5,5/23/2025,3/12/2025,Norton,Hardcover,958,2015,2015,high,,block06_r1c3.png,The Food Lab: Better Home Cooking Through Science,J. Kenji López-Alt
,,,,,mukherjee_the-gene,The Gene,The Gene: An Intimate History,Siddhartha Mukherjee,mukherjee,9.78148E+12,1476733503,,https://www.amazon.com/dp/1476733503?tag=redrock07-20,direct,mukherjee_the-gene.png,322,500,good,user-isbn,https://covers.openlibrary.org/b/isbn/9781476733500-L.jpg,,4,,8/11/2018,Scribner,Hardcover,592,2016,2016,high,,block01_r2c5.png,The Gene: An Intimate History,Siddhartha Mukherjee
YES,,,,,walls_the-glass-castle,The Glass Castle,The Glass Castle: A Memoir,Jeannette Walls,walls,9.78074E+12,074324754X,,https://www.amazon.com/dp/074324754X?tag=redrock07-20,direct,walls_the-glass-castle.png,304,500,good,isbn13,https://covers.openlibrary.org/b/isbn/9780743247542-L.jpg?default=false,,4,10/17/2025,8/11/2018,Scribner,Paperback,288,2005,2005,high,,block04_r2c3.png,The Glass Castle,Jeannette Walls
,,,,,goldratt_the-goal,The Goal,The Goal,Eliyahu M. Goldratt,goldratt,9.78088E+12,0884271781,,https://www.amazon.com/dp/0884271781?tag=redrock07-20,direct,goldratt_the-goal.png,317,500,good,isbn13,https://covers.openlibrary.org/b/isbn/9780884271789-L.jpg?default=false,,5,8/5/2025,4/7/2025,North River Press,Paperback,384,2004,,medium,with Jeff Cox; 30th Anniversary Edition. Cover subtitle too small to read reliably,block02_r4c4.png,The Goal: A Process of Ongoing Improvement,Eliyahu M. Goldratt
YES,,,,,fitzgerald_the-great-gatsby,The Great Gatsby,The Great Gatsby,F. Scott Fitzgerald,fitzgerald,9.78074E+12,0743273567,,https://www.amazon.com/dp/0743273567?tag=redrock07-20,direct,fitzgerald_the-great-gatsby.png,328,500,good,isbn13,https://covers.openlibrary.org/b/isbn/9780743273565-L.jpg?default=false,,3,3/11/2024,3/4/2024,Scribner,Paperback,180,2025,1925,high,"The Author's Edition, 100th anniversary",block07_r1c2.png,The Great Gatsby,F. Scott Fitzgerald
,,,,,mccullough_the-greater-journey,The Greater Journey,The Greater Journey: Americans in Paris,David McCullough,mccullough,9.78142E+12,1416571760,,https://www.amazon.com/dp/1416571760?tag=redrock07-20,direct,mccullough_the-greater-journey.png,331,500,good,isbn13,https://covers.openlibrary.org/b/isbn/9781416571766-L.jpg?default=false,,5,8/9/2022,8/9/2022,Simon & Schuster Adult Publishing Group,Hardcover,558,2011,2011,high,,block07_r4c5.png,The Greater Journey: Americans in Paris,David McCullough
,,,,,sinek_the-infinite-game,The Infinite Game,The Infinite Game,Simon Sinek,sinek,9.78074E+12,073521350X,,https://www.amazon.com/dp/073521350X?tag=redrock07-20,direct,sinek_the-infinite-game.png,325,500,good,ol-search2,https://covers.openlibrary.org/b/id/10189716-L.jpg,,5,6/9/2026,2/27/2026,Portfolio,Hardcover,251,2019,2017,high,,block03_r2c5.png,The Infinite Game,Simon Sinek
YES,,,,,schwab_the-invisible-life-of-addie-larue,The Invisible Life of Addie LaRue,The Invisible Life of Addie LaRue,V. E. Schwab,schwab,9.78077E+12,0765387565,,https://www.amazon.com/dp/0765387565?tag=redrock07-20,direct,schwab_the-invisible-life-of-addie-larue.png,329,500,good,isbn13,https://covers.openlibrary.org/b/isbn/9780765387561-L.jpg?default=false,,1,9/24/2024,9/12/2024,Tor Books,Hardcover,448,2020,2020,high,,block06_r3c5.png,The Invisible Life of Addie LaRue,V.E. Schwab
,,,,,herriot_the-lord-god-made-them-all,The Lord God Made Them All,The Lord God Made Them All,James Herriot,herriot,9.78125E+12,1250068657,,https://www.amazon.com/dp/1250068657?tag=redrock07-20,direct,herriot_the-lord-god-made-them-all.png,301,500,good,search,https://covers.openlibrary.org/b/id/6629578-L.jpg,,5,11/26/2018,8/11/2018,Griffin,Paperback,373,2015,1981,high,,block01_r1c2.png,"The Lord God Made Them All (All Creatures Great and Small, #7)",James Herriot
,,,,,weir_the-martian,The Martian,The Martian,Andy Weir,weir,9.7808E+12,0804139024,,https://www.amazon.com/dp/0804139024?tag=redrock07-20,direct,weir_the-martian.png,319,500,good,isbn13,https://covers.openlibrary.org/b/isbn/9780804139021-L.jpg?default=false,,0,,8/11/2018,Crown Publishers,Hardcover,369,2014,2011,high,,block01_r1c6.png,The Martian,Andy Weir
,,,,,brunt_the-mysterious-case-of-rudolf-diesel,The Mysterious Case of Rudolf Diesel,"The Mysterious Case of Rudolf Diesel: Genius, Power, and Deception on the Eve of World War I",Douglas Brunt,brunt,9.78198E+12,1982169907,,https://www.amazon.com/dp/1982169907?tag=redrock07-20,direct,brunt_the-mysterious-case-of-rudolf-diesel.png,331,500,good,isbn13,https://covers.openlibrary.org/b/isbn/9781982169909-L.jpg?default=false,,4,7/19/2026,4/30/2026,Atria Books,Kindle Edition,384,2023,2023,high,,block03_r2c1.png,"The Mysterious Case of Rudolf Diesel: Genius, Power, and Deception on the Eve of World War I",Douglas Brunt
,,,,,pollan_the-omnivores-dilemma,The Omnivore's Dilemma,The Omnivore's Dilemma: A Natural History of Four Meals,Michael Pollan,pollan,9.78159E+12,1594200823,,https://www.amazon.com/dp/1594200823?tag=redrock07-20,direct,pollan_the-omnivores-dilemma.png,323,500,good,isbn13,https://covers.openlibrary.org/b/isbn/9781594200823-L.jpg?default=false,,4,2/4/2023,1/28/2023,The Penguin Press,Hardcover,450,2006,2006,high,,block07_r3c3.png,The Omnivore's Dilemma: A Natural History of Four Meals,Michael Pollan
YES,,,,,goldman_the-princess-bride,The Princess Bride,The Princess Bride,William Goldman,goldman,9.78035E+12,0345418263,,https://www.amazon.com/dp/0345418263?tag=redrock07-20,direct,goldman_the-princess-bride.png,420,500,good,isbn13,https://covers.openlibrary.org/b/isbn/9780345418265-L.jpg?default=false,,5,3/28/2025,8/11/2018,Ballantine Books,Paperback,429,2003,1973,high,30th Anniversary Edition,block04_r2c2.png,The Princess Bride,William Goldman
YES,,,,,tolkien_the-return-of-the-king,The Return of the King,The Return of the King,J. R. R. Tolkien,tolkien,9.78035E+12,0345240340,,https://www.amazon.com/dp/0345240340?tag=redrock07-20,direct,tolkien_the-return-of-the-king.png,333,500,good,isbn13,https://covers.openlibrary.org/b/isbn/9780345240347-L.jpg?default=false,,5,7/24/2022,5/11/2022,Ballantine Books,Mass Market Paperback,385,1974,1955,high,"The Lord of the Rings, Part Three",block05_r1c2.png,"The Return of the King (The Lord of the Rings, #3)",J.R.R. Tolkien
,,,,,comer_the-ruthless-elimination-of-hurry,The Ruthless Elimination of Hurry,The Ruthless Elimination of Hurry,John Mark Comer,comer,9.78053E+12,0525653090,,https://www.amazon.com/dp/0525653090?tag=redrock07-20,direct,comer_the-ruthless-elimination-of-hurry.png,312,500,good,isbn13,https://covers.openlibrary.org/b/isbn/9780525653097-L.jpg?default=false,,5,7/30/2025,7/29/2025,WaterBrook,Hardcover,286,2019,2019,high,foreword by John Ortberg,block02_r2c4.png,The Ruthless Elimination of Hurry: How to Stay Emotionally Healthy and Spiritually Alive in the Chaos of the Modern World,John Mark Comer
,,,,,mclean_the-smartest-guys-in-the-room,The Smartest Guys in the Room,The Smartest Guys in the Room: The Amazing Rise and Scandalous Fall of Enron,Bethany McLean and Peter Elkind,mclean,9.78159E+12,1591840538,,https://www.amazon.com/dp/1591840538?tag=redrock07-20,direct,mclean_the-smartest-guys-in-the-room.png,307,475,good,isbn13,https://covers.openlibrary.org/b/isbn/9781591840534-L.jpg?default=false,,4,10/13/2022,10/12/2022,Portfolio Trade,Paperback,440,2004,2003,high,,block07_r4c3.png,The Smartest Guys in the Room: The Amazing Rise and Scandalous Fall of Enron,Bethany McLean
,,,,,schroeder_the-snowball,The Snowball,The Snowball: Warren Buffett and the Business of Life,Alice Schroeder,schroeder,9.78055E+12,0553805096,,https://www.amazon.com/dp/0553805096?tag=redrock07-20,direct,schroeder_the-snowball.png,331,500,good,isbn13,https://covers.openlibrary.org/b/isbn/9780553805093-L.jpg?default=false,,0,,10/6/2024,Bantam Books,Hardcover,960,2008,2008,high,,block06_r3c1.png,The Snowball: Warren Buffett and the Business of Life,Alice Schroeder
YES,,,,,larson_the-splendid-and-the-vile,The Splendid and the Vile,"The Splendid and the Vile: A Saga of Churchill, Family, and Defiance During the Blitz",Erik Larson,larson,9.78039E+12,038534872X,,https://www.amazon.com/dp/038534872X?tag=redrock07-20,direct,larson_the-splendid-and-the-vile.png,500,500,good,ol-search2,https://covers.openlibrary.org/b/id/9293917-L.jpg,,5,3/28/2024,3/11/2024,Crown ,Kindle Edition,546,2020,2020,high,,block07_r1c1.png,"The Splendid and the Vile: A Saga of Churchill, Family, and Defiance During the Blitz",Erik Larson
YES,,,,,crouch_the-tech-wise-family,The Tech-Wise Family,The Tech-Wise Family: Everyday Steps for Putting Technology in Its Proper Place,Andy Crouch,crouch,9.7808E+12,0801018668,,https://www.amazon.com/dp/0801018668?tag=redrock07-20,direct,crouch_the-tech-wise-family.png,357,500,good,isbn13,https://covers.openlibrary.org/b/isbn/9780801018664-L.jpg?default=false,,4,8/15/2022,8/9/2022,Baker Books,Hardcover,224,2017,2017,high,,block07_r4c4.png,The Tech-Wise Family: Everyday Steps for Putting Technology in Its Proper Place,Andy Crouch
,,,,,hawking_the-theory-of-everything,The Theory of Everything,The Theory of Everything: The Origin and Fate of the Universe,Stephen W. Hawking,hawking,9.78064E+12,0641587716,,https://www.amazon.com/dp/0641587716?tag=redrock07-20,direct,hawking_the-theory-of-everything.png,365,500,good,ol-search2,https://covers.openlibrary.org/b/id/12188593-L.jpg,,3,7/22/2025,7/10/2025,New Millennium Entertainment,Unknown Binding,176,2002,2002,high,,block02_r3c1.png,The Theory of Everything: The Origin and Fate of the Universe,Stephen W. Hawking
,,,,,witt_the-thinking-machine,The Thinking Machine,"The Thinking Machine: Jensen Huang, Nvidia, and the World's Most Coveted Microchip",Stephen Witt,witt,9.78059E+12,0593832698,,https://www.amazon.com/dp/0593832698?tag=redrock07-20,direct,witt_the-thinking-machine.png,326,500,good,isbn13,https://covers.openlibrary.org/b/isbn/9780593832691-L.jpg?default=false,,5,2/15/2026,2/2/2026,Viking,Hardcover,272,2025,2025,high,,block03_r3c3.png,"The Thinking Machine: Jensen Huang, Nvidia, and the World's Most Coveted Microchip",Stephen   Witt
,,,,,diamond_the-third-chimpanzee,The Third Chimpanzee,The Third Chimpanzee: The Evolution and Future of the Human Animal,Jared Diamond,diamond,9.78006E+12,0060845503,,https://www.amazon.com/dp/0060845503?tag=redrock07-20,direct,diamond_the-third-chimpanzee.png,320,500,good,isbn13,https://covers.openlibrary.org/b/isbn/9780060845506-L.jpg?default=false,,1,9/8/2018,8/11/2018,Harper Perennial,Paperback,407,2006,1991,high,,block04_r4c6.png,The Third Chimpanzee: The Evolution and Future of the Human Animal,Jared Diamond
YES,,,,,liu_the-three-body-problem,The Three-Body Problem,The Three-Body Problem,Cixin Liu,liu,9.78077E+12,0765382032,,https://www.amazon.com/dp/0765382032?tag=redrock07-20,direct,liu_the-three-body-problem.png,331,500,good,user-isbn,https://covers.openlibrary.org/b/isbn/9780765382030-L.jpg,,4,8/18/2025,7/23/2025,Tor Books,Hardcover,472,2014,2006,high,translated by Ken Liu,block02_r2c5.png,"The Three-Body Problem (Remembrance of Earth’s Past, #1)",Liu Cixin
YES,,,,,wilkerson_the-warmth-of-other-suns,The Warmth of Other Suns,The Warmth of Other Suns: The Epic Story of America's Great Migration,Isabel Wilkerson,wilkerson,9.78068E+12,0679444327,,https://www.amazon.com/dp/0679444327?tag=redrock07-20,direct,wilkerson_the-warmth-of-other-suns.png,325,500,good,isbn13,https://covers.openlibrary.org/b/isbn/9780679444329-L.jpg?default=false,,5,12/12/2021,11/5/2021,Random House,Hardcover,640,2010,2010,high,,block05_r2c4.png,The Warmth of Other Suns: The Epic Story of America's Great Migration,Isabel Wilkerson
YES,,,,,sanderson_the-way-of-kings,The Way of Kings,The Way of Kings,Brandon Sanderson,sanderson,9.78077E+12,0765326353,,https://www.amazon.com/dp/0765326353?tag=redrock07-20,direct,sanderson_the-way-of-kings.png,320,500,good,ol-search2,https://covers.openlibrary.org/b/id/14658316-L.jpg,,5,3/28/2026,3/26/2025,Tor Books,Hardcover,1007,2010,2010,medium,title is heavily stylized and low-contrast; 'Book One of The Stormlight Archive' visible below,block02_r4c6.png,"The Way of Kings (The Stormlight Archive, #1)",Brandon Sanderson
YES,,,,,collins_the-woman-in-white,The Woman in White,The Woman in White,Wilkie Collins,collins,9.78014E+12,0141439610,,https://www.amazon.com/dp/0141439610?tag=redrock07-20,direct,collins_the-woman-in-white.png,312,475,good,user-isbn,https://covers.openlibrary.org/b/isbn/9780141439617-L.jpg,,0,,8/11/2018,Penguin Classics,Paperback,672,2003,1859,high,,block01_r4c4.png,The Woman in White,Wilkie Collins
,,,,,kahneman_thinking-fast-and-slow,"Thinking, Fast and Slow","Thinking, Fast and Slow",Daniel Kahneman,kahneman,9.78037E+12,0374275637,,https://www.amazon.com/dp/0374275637?tag=redrock07-20,direct,kahneman_thinking-fast-and-slow.png,337,500,good,isbn13,https://covers.openlibrary.org/b/isbn/9780374275631-L.jpg?default=false,,3,9/19/2019,5/30/2019,"Farrar, Straus and Giroux",Hardcover,499,2011,2011,high,,block05_r4c6.png,"Thinking, Fast and Slow",Daniel Kahneman
,,,,,chernow_titan,Titan,"Titan: The Life of John D. Rockefeller, Sr.",Ron Chernow,chernow,9.7814E+12,1400077303,,https://www.amazon.com/dp/1400077303?tag=redrock07-20,direct,chernow_titan.png,333,500,good,isbn13,https://covers.openlibrary.org/b/isbn/9781400077304-L.jpg?default=false,,5,3/4/2025,7/14/2019,Vintage,Paperback,832,2004,1998,high,,block05_r4c4.png,"Titan: The Life of John D. Rockefeller, Sr.",Ron Chernow
YES,,,,,lee_to-kill-a-mockingbird,To Kill a Mockingbird,To Kill a Mockingbird,Harper Lee,lee,9.78006E+12,0060935464,,https://www.amazon.com/dp/0060935464?tag=redrock07-20,direct,lee_to-kill-a-mockingbird.png,320,500,good,isbn13,https://covers.openlibrary.org/b/isbn/9780060935467-L.jpg?default=false,,5,1/16/2023,12/14/2022,Harper Perennial Modern Classics ,Paperback,323,2006,1960,high,,block07_r3c5.png,To Kill a Mockingbird,Harper Lee
YES,,,,,steinbeck_travels-with-charley,Travels with Charley,Travels with Charley: In Search of America,John Steinbeck,steinbeck,9.78014E+12,0142000701,,https://www.amazon.com/dp/0142000701?tag=redrock07-20,direct,steinbeck_travels-with-charley.png,309,500,good,isbn13,https://covers.openlibrary.org/b/isbn/9780142000700-L.jpg?default=false,,0,,8/11/2018,Penguin,Paperback,214,2002,1961,high,,block01_r2c1.png,Travels with Charley: In Search of America,John Steinbeck
,,,,,mccullough_truman,Truman,Truman,David McCullough,mccullough,9.78067E+12,0671869205,,https://www.amazon.com/dp/0671869205?tag=redrock07-20,direct,mccullough_truman.png,330,500,good,isbn13,https://covers.openlibrary.org/b/isbn/9780671869205-L.jpg?default=false,,0,,8/11/2018,Simon  Schuster,Paperback,1120,1993,1992,high,,block01_r4c5.png,Truman,David McCullough
,,,,,ambrose_undaunted-courage,Undaunted Courage,Undaunted Courage: The Pioneering First Mission to Explore America's Wild Frontier,Stephen E. Ambrose,ambrose,9.78074E+12,074347788X,,https://www.amazon.com/dp/074347788X?tag=redrock07-20,direct,ambrose_undaunted-courage.png,325,500,good,isbn13,https://covers.openlibrary.org/b/isbn/9780743477888-L.jpg?default=false,,0,,8/11/2018,Simon & Schuster,Paperback,592,2003,1996,high,,block08_r2c1.png,Undaunted Courage: The Pioneering First Mission to Explore America's Wild Frontier,Stephen E. Ambrose
YES,,,,,taylor_we-are-legion-we-are-bob,We Are Legion (We Are Bob),We Are Legion (We Are Bob),Dennis E. Taylor,taylor,9.78167E+12,1668221578,,https://www.amazon.com/dp/1668221578?tag=redrock07-20,direct,taylor_we-are-legion-we-are-bob.png,329,500,good,user-isbn,https://covers.openlibrary.org/b/isbn/9781668221570-L.jpg,,4,6/19/2024,6/16/2024,Worldbuilders Press,Kindle Edition,322,2016,2016,high,,block06_r4c4.png,"We Are Legion (We Are Bob) (Bobiverse, #1)",Dennis E. Taylor
YES,,,,,munroe_what-if,What If?,What If?: Serious Scientific Answers to Absurd Hypothetical Questions,Randall Munroe,munroe,9.78054E+12,0544272994,,https://www.amazon.com/dp/0544272994?tag=redrock07-20,direct,munroe_what-if.png,385,500,good,isbn13,https://covers.openlibrary.org/b/isbn/9780544272996-L.jpg?default=false,,4,5/29/2020,6/14/2019,Dey Street Books,Hardcover,303,2014,2014,high,,block05_r4c5.png,What If?: Serious Scientific Answers to Absurd Hypothetical Questions,Randall Munroe
,,,,,schwarzman_what-it-takes,What It Takes,What It Takes: Lessons in the Pursuit of Excellence,Stephen A. Schwarzman,schwarzman,9.78151E+12,1508279144,,https://www.amazon.com/dp/1508279144?tag=redrock07-20,direct,schwarzman_what-it-takes.png,430,500,good,isbn13,https://covers.openlibrary.org/b/isbn/9781508279143-L.jpg?default=false,,5,8/12/2026,7/2/2026,Simon & Schuster Audio,Audio CD,400,2019,2019,high,,block03_r1c4.png,What It Takes: Lessons in the Pursuit of Excellence,Stephen A. Schwarzman
,,,,,acemoglu_why-nations-fail,Why Nations Fail,"Why Nations Fail: The Origins of Power, Prosperity, and Poverty",Daron Acemoglu and James Robinson,acemoglu,9.78031E+12,0307719219,,https://www.amazon.com/dp/0307719219?tag=redrock07-20,direct,acemoglu_why-nations-fail.png,300,456,good,isbn13,https://covers.openlibrary.org/b/isbn/9780307719218-L.jpg?default=false,,5,12/12/2021,11/5/2021,Crown Currency,Hardcover,529,2012,2012,high,,block05_r2c1.png,"Why Nations Fail: The Origins of Power, Prosperity, and Poverty",Daron Acemoğlu
YES,,,,,sanderson_words-of-radiance,Words of Radiance,Words of Radiance,Brandon Sanderson,sanderson,9.78077E+12,0765326361,,https://www.amazon.com/dp/0765326361?tag=redrock07-20,direct,sanderson_words-of-radiance.png,325,500,good,ol-search2,https://covers.openlibrary.org/b/id/14658334-L.jpg,,5,4/16/2026,3/28/2026,Tor Books,Hardcover,1088,2014,2014,high,Book Two of The Stormlight Archive,block03_r2c4.png,"Words of Radiance (The Stormlight Archive, #2)",Brandon Sanderson
