final_filename,title_short,author,isbn13,isbn,status,via,width,height,source_url,notes
robichaux_cable-cowboy.png,Cable Cowboy,Mark Robichaux,9780471706373,047170637X,ok,isbn13,323,500,https://covers.openlibrary.org/b/isbn/9780471706373-L.jpg?default=false,
herriot_the-lord-god-made-them-all.png,The Lord God Made Them All,James Herriot,9781250068651,1250068657,ok,search,301,500,https://covers.openlibrary.org/b/id/6629578-L.jpg,
herriot_all-things-wise-and-wonderful.png,All Things Wise and Wonderful,James Herriot,9780312335281,0312335288,ok,isbn13,333,500,https://covers.openlibrary.org/b/isbn/9780312335281-L.jpg?default=false,
herriot_all-things-bright-and-beautiful.png,All Things Bright and Beautiful,James Herriot,9780312330866,0312330863,ok,isbn13,333,500,https://covers.openlibrary.org/b/isbn/9780312330866-L.jpg?default=false,
herriot_all-creatures-great-and-small.png,All Creatures Great and Small,James Herriot,9781250057839,1250057833,ok,isbn13,324,500,https://covers.openlibrary.org/b/isbn/9781250057839-L.jpg?default=false,
weir_the-martian.png,The Martian,Andy Weir,9780804139021,0804139024,ok,isbn13,319,500,https://covers.openlibrary.org/b/isbn/9780804139021-L.jpg?default=false,
steinbeck_travels-with-charley.png,Travels with Charley,John Steinbeck,9780142000700,0142000701,ok,isbn13,309,500,https://covers.openlibrary.org/b/isbn/9780142000700-L.jpg?default=false,
chernow_alexander-hamilton.png,Alexander Hamilton,Ron Chernow,,,ok,search,328,500,https://covers.openlibrary.org/b/id/8261375-L.jpg,
brown_the-boys-in-the-boat.png,The Boys in the Boat,Daniel James Brown,9780670025817,067002581X,ok,isbn13,316,500,https://covers.openlibrary.org/b/isbn/9780670025817-L.jpg?default=false,
mukherjee_the-emperor-of-all-maladies.png,The Emperor of All Maladies,Siddhartha Mukherjee,,,ok,user-isbn,324,500,https://covers.openlibrary.org/b/isbn/9781439170915-L.jpg,
mukherjee_the-gene.png,The Gene,Siddhartha Mukherjee,,,ok,user-isbn,322,500,https://covers.openlibrary.org/b/isbn/9781476733500-L.jpg,
baker_ancient-rome.png,Ancient Rome,Simon Baker,9781846072840,1846072840,ok,isbn13,320,500,https://covers.openlibrary.org/b/isbn/9781846072840-L.jpg?default=false,
mccullough_1776.png,1776,David McCullough,9780743226721,0743226720,ok,isbn13,318,500,https://covers.openlibrary.org/b/isbn/9780743226721-L.jpg?default=false,
mccullough_john-adams.png,John Adams,David McCullough,9780743223133,0743223136,ok,isbn13,329,500,https://covers.openlibrary.org/b/isbn/9780743223133-L.jpg?default=false,
mccullough_brave-companions.png,Brave Companions,David McCullough,,,small,local,102,157,local:covers/mccullough_brave-companions.png,
collins_good-to-great.png,Good to Great,Jim Collins,9780066620992,0066620996,ok,isbn13,330,500,https://covers.openlibrary.org/b/isbn/9780066620992-L.jpg?default=false,
knight_shoe-dog.png,Shoe Dog,Phil Knight,9781501135910,1501135910,ok,isbn13,331,500,https://covers.openlibrary.org/b/isbn/9781501135910-L.jpg?default=false,
rand_atlas-shrugged.png,Atlas Shrugged,Ayn Rand,9780452011878,0452011876,ok,isbn13,326,500,https://covers.openlibrary.org/b/isbn/9780452011878-L.jpg?default=false,
gladwell_outliers.png,Outliers,Malcolm Gladwell,9780316017923,0316017922,ok,ol-search2,332,500,https://covers.openlibrary.org/b/id/10021591-L.jpg,
gladwell_david-and-goliath.png,David and Goliath,Malcolm Gladwell,9780316204361,0316204366,ok,isbn13,349,500,https://covers.openlibrary.org/b/isbn/9780316204361-L.jpg?default=false,
harreld_an-economic-history-of-the-world-since-1400.png,An Economic History of the World since 1400,Donald Harreld,,,ok,user-isbn,351,500,https://covers.openlibrary.org/b/isbn/9781629973128-L.jpg,
collins_the-woman-in-white.png,The Woman in White,Wilkie Collins,,,ok,user-isbn,312,475,https://covers.openlibrary.org/b/isbn/9780141439617-L.jpg,
mccullough_truman.png,Truman,David McCullough,9780671869205,0671869205,ok,isbn13,330,500,https://covers.openlibrary.org/b/isbn/9780671869205-L.jpg?default=false,
weatherford_genghis-khan-and-the-making-of-the-modern-world.png,Genghis Khan and the Making of the Modern World,Jack Weatherford,,,ok,search,317,475,https://covers.openlibrary.org/b/id/390818-L.jpg,
rand_capitalism.png,Capitalism,Ayn Rand,9780451147950,0451147952,ok,isbn13,304,500,https://covers.openlibrary.org/b/isbn/9780451147950-L.jpg?default=false,
kurlansky_salt.png,Salt,Mark Kurlansky,9780142001615,0142001619,ok,isbn13,312,475,https://covers.openlibrary.org/b/isbn/9780142001615-L.jpg?default=false,
harari_21-lessons-for-the-21st-century.png,21 Lessons for the 21st Century,Yuval Noah Harari,9780525512172,0525512179,ok,isbn13,318,500,https://covers.openlibrary.org/b/isbn/9780525512172-L.jpg?default=false,
fey_bossypants.png,Bossypants,Tina Fey,,,ok,search,323,500,https://covers.openlibrary.org/b/id/6717606-L.jpg,
grumet_the-purpose-code.png,The Purpose Code,Jordan Grumet,9781804090855,1804090859,small,local,105,167,local:covers/grumet_the-purpose-code.png,
munger_poor-charlies-almanack.png,Poor Charlie's Almanack,Charles T. Munger,9781578643660,157864366X,ok,ol-search2,484,500,https://covers.openlibrary.org/b/id/8337563-L.jpg,
jones_henry-v.png,Henry V,Dan Jones,9780593652732,0593652738,small,local,105,155,local:covers/jones_henry-v.png,
standage_a-history-of-the-world-in-6-glasses.png,A History of the World in 6 Glasses,Tom Standage,9780802715524,0802715524,ok,isbn13,333,500,https://covers.openlibrary.org/b/isbn/9780802715524-L.jpg?default=false,
kaufman_the-personal-mba.png,The Personal MBA,Josh Kaufman,,,ok,search,327,500,https://covers.openlibrary.org/b/id/6713257-L.jpg,
comer_the-ruthless-elimination-of-hurry.png,The Ruthless Elimination of Hurry,John Mark Comer,9780525653097,0525653090,ok,isbn13,312,500,https://covers.openlibrary.org/b/isbn/9780525653097-L.jpg?default=false,
liu_the-three-body-problem.png,The Three-Body Problem,Cixin Liu,,,ok,user-isbn,331,500,https://covers.openlibrary.org/b/isbn/9780765382030-L.jpg,
hawking_a-brief-history-of-time.png,A Brief History of Time,Stephen Hawking,9780553380163,0553380168,ok,isbn13,328,500,https://covers.openlibrary.org/b/isbn/9780553380163-L.jpg?default=false,
hawking_the-theory-of-everything.png,The Theory of Everything,Stephen W. Hawking,9780641587719,0641587716,ok,ol-search2,365,500,https://covers.openlibrary.org/b/id/12188593-L.jpg,
cheng_see-you-in-the-cosmos.png,See You in the Cosmos,Jack Cheng,9780399186370,0399186379,ok,isbn13,334,500,https://covers.openlibrary.org/b/isbn/9780399186370-L.jpg?default=false,
feynman_surely-youre-joking-mr-feynman.png,"""Surely You're Joking, Mr. Feynman!""",Richard P. Feynman,9780393355628,0393355624,ok,isbn13,332,500,https://covers.openlibrary.org/b/isbn/9780393355628-L.jpg?default=false,
watson_the-double-helix.png,The Double Helix,James D. Watson,9780451037701,0451037707,ok,user-isbn,330,500,https://covers.openlibrary.org/b/isbn/9780743216302-L.jpg,
dalio_principles.png,Principles,Ray Dalio,9781508243243,1508243247,ok,isbn13,428,500,https://covers.openlibrary.org/b/isbn/9781508243243-L.jpg?default=false,
chapman_the-5-love-languages.png,The 5 Love Languages,Gary Chapman,9780802492401,0802492401,ok,user-isbn,324,500,https://covers.openlibrary.org/b/isbn/9780802412706-L.jpg,
tyson_astrophysics-for-people-in-a-hurry.png,Astrophysics for People in a Hurry,Neil deGrasse Tyson,9780393609394,0393609391,ok,isbn13,308,500,https://covers.openlibrary.org/b/isbn/9780393609394-L.jpg?default=false,
graff_the-only-plane-in-the-sky.png,The Only Plane in the Sky,Garrett M. Graff,,,ok,ol-search2,329,499,https://covers.openlibrary.org/b/id/8779094-L.jpg,
brooks_how-to-know-a-person.png,How to Know a Person,David Brooks,9780593230084,059323006X,ok,isbn,329,500,https://covers.openlibrary.org/b/isbn/059323006X-L.jpg?default=false,
goldratt_the-goal.png,The Goal,Eliyahu M. Goldratt,9780884271789,0884271781,ok,isbn13,317,500,https://covers.openlibrary.org/b/isbn/9780884271789-L.jpg?default=false,
gates_source-code.png,Source Code,Bill Gates,9780593801581,059380158X,ok,ol-search2,325,500,https://covers.openlibrary.org/b/id/14851913-L.jpg,
sanderson_the-way-of-kings.png,The Way of Kings,Brandon Sanderson,9780765326355,0765326353,ok,ol-search2,320,500,https://covers.openlibrary.org/b/id/14658316-L.jpg,
schwarzenegger_be-useful.png,Be Useful,Arnold Schwarzenegger,9780593655955,0593655958,ok,isbn13,331,500,https://covers.openlibrary.org/b/isbn/9780593655955-L.jpg?default=false,
coppins_romney.png,Romney,McKay Coppins,9781982196233,1982196238,small,isbn13,295,445,https://covers.openlibrary.org/b/isbn/9781982196233-L.jpg?default=false,
garcia_ikigai.png,Ikigai,Hector Garcia and Francesc Miralles,,,ok,ol-search2,353,500,https://covers.openlibrary.org/b/id/11300391-L.jpg,
schwarzman_what-it-takes.png,What It Takes,Stephen A. Schwarzman,9781508279143,1508279144,ok,isbn13,430,500,https://covers.openlibrary.org/b/isbn/9781508279143-L.jpg?default=false,
sanderson_edgedancer.png,Edgedancer,Brandon Sanderson,9781250166548,1250166543,ok,isbn13,320,500,https://covers.openlibrary.org/b/isbn/9781250166548-L.jpg?default=false,
standage_a-brief-history-of-motion.png,A Brief History of Motion,Tom Standage,9781635573619,1635573610,ok,isbn13,329,500,https://covers.openlibrary.org/b/isbn/9781635573619-L.jpg?default=false,
brunt_the-mysterious-case-of-rudolf-diesel.png,The Mysterious Case of Rudolf Diesel,Douglas Brunt,9781982169909,1982169907,ok,isbn13,331,500,https://covers.openlibrary.org/b/isbn/9781982169909-L.jpg?default=false,
sanderson_oathbringer.png,Oathbringer,Brandon Sanderson,,,ok,ol-search2,314,500,https://covers.openlibrary.org/b/id/14658111-L.jpg,
powell_it-worked-for-me.png,It Worked for Me,Colin Powell,9780062135148,0062135147,ok,ol-search2,333,500,https://covers.openlibrary.org/b/id/8997286-L.jpg,
sanderson_words-of-radiance.png,Words of Radiance,Brandon Sanderson,9780765326362,0765326361,ok,ol-search2,325,500,https://covers.openlibrary.org/b/id/14658334-L.jpg,
sinek_the-infinite-game.png,The Infinite Game,Simon Sinek,9780735213500,073521350X,ok,ol-search2,325,500,https://covers.openlibrary.org/b/id/10189716-L.jpg,
gawande_the-checklist-manifesto.png,The Checklist Manifesto,Atul Gawande,9780805091748,0805091742,ok,isbn13,335,500,https://covers.openlibrary.org/b/isbn/9780805091748-L.jpg?default=false,
frahm_assyria.png,Assyria,Eckart Frahm,9781541674400,1541674405,ok,isbn13,323,500,https://covers.openlibrary.org/b/isbn/9781541674400-L.jpg?default=false,
mcwilliams_the-history-of-money.png,The History of Money,David McWilliams,9781250408181,1250408180,small,local,106,157,local:covers/mcwilliams_the-history-of-money.png,
witt_the-thinking-machine.png,The Thinking Machine,Stephen Witt,9780593832691,0593832698,ok,isbn13,326,500,https://covers.openlibrary.org/b/isbn/9780593832691-L.jpg?default=false,
austen_persuasion.png,Persuasion,Jane Austen,9780192802637,0192802631,ok,isbn13,312,500,https://covers.openlibrary.org/b/isbn/9780192802637-L.jpg?default=false,
austen_mansfield-park.png,Mansfield Park,Jane Austen,,,ok,search,325,500,https://covers.openlibrary.org/b/id/14618737-L.jpg,
goldratt_critical-chain.png,Critical Chain,Eliyahu M. Goldratt,9780884271536,0884271536,ok,isbn13,319,475,https://covers.openlibrary.org/b/isbn/9780884271536-L.jpg?default=false,
renner_my-next-breath.png,My Next Breath,Jeremy Renner,9781250383532,1250383536,small,local,106,156,local:covers/renner_my-next-breath.png,
austen_emma.png,Emma,Jane Austen,,,ok,search,322,500,https://covers.openlibrary.org/b/id/9278312-L.jpg,
chase_how-to-become-a-federal-criminal.png,How to Become a Federal Criminal,Mike Chase,9781982112516,1982112514,ok,ol-search2,500,500,https://covers.openlibrary.org/b/id/13112853-L.jpg,
austen_northanger-abbey.png,Northanger Abbey,Jane Austen,9781593082642,1593082649,ok,isbn13,304,500,https://covers.openlibrary.org/b/isbn/9781593082642-L.jpg?default=false,
austen_sense-and-sensibility.png,Sense and Sensibility,Jane Austen,9780141439662,0141439661,ok,isbn13,313,500,https://covers.openlibrary.org/b/isbn/9780141439662-L.jpg?default=false,
cline_ready-player-one.png,Ready Player One,Ernest Cline,9780307887436,030788743X,ok,isbn13,329,500,https://covers.openlibrary.org/b/isbn/9780307887436-L.jpg?default=false,
isaacson_steve-jobs.png,Steve Jobs,Walter Isaacson,9781451648539,1451648537,ok,user-isbn,333,500,https://covers.openlibrary.org/b/isbn/9781982176860-L.jpg,
friedman_from-beirut-to-jerusalem.png,From Beirut to Jerusalem,Thomas L. Friedman,9780385413725,0385413726,ok,isbn13,305,475,https://covers.openlibrary.org/b/isbn/9780385413725-L.jpg?default=false,
ambrose_band-of-brothers.png,Band of Brothers,Stephen E. Ambrose,9780743464116,0743464117,small,isbn13,296,475,https://covers.openlibrary.org/b/isbn/9780743464116-L.jpg?default=false,
saccio_william-shakespeare.png,William Shakespeare,Peter Saccio,,,small,local,106,116,local:covers/saccio_william-shakespeare.png,
white_a-lincoln.png,A. Lincoln,"Ronald C. White, Jr.",9781400064991,1400064996,ok,search,332,500,https://covers.openlibrary.org/b/id/7316596-L.jpg,
vance_elon-musk.png,Elon Musk,Ashlee Vance,9780062301239,0062301233,ok,isbn13,331,499,https://covers.openlibrary.org/b/isbn/9780062301239-L.jpg?default=false,
isaacson_leonardo-da-vinci.png,Leonardo da Vinci,Walter Isaacson,9781501139154,1501139150,ok,isbn13,329,500,https://covers.openlibrary.org/b/isbn/9781501139154-L.jpg?default=false,
goldman_the-princess-bride.png,The Princess Bride,William Goldman,9780345418265,0345418263,ok,isbn13,420,500,https://covers.openlibrary.org/b/isbn/9780345418265-L.jpg?default=false,
walls_the-glass-castle.png,The Glass Castle,Jeannette Walls,9780743247542,074324754X,ok,isbn13,304,500,https://covers.openlibrary.org/b/isbn/9780743247542-L.jpg?default=false,
hinton_the-outsiders.png,The Outsiders,S. E. Hinton,9780670532575,0670532576,small,isbn-refetch,160,160,https://covers.openlibrary.org/b/isbn/9780670532575-L.jpg,"title-search result rejected: Portuguese edition, 3D mockup render"
tolkien_the-hobbit-or-there-and-back-again.png,"The Hobbit, or There and Back Again",J. R. R. Tolkien,,,small,reverted,105,158,local:covers/tolkien_the-hobbit-or-there-and-back-again.png,ISBN cover rejected: library barcode sticker across the title
westover_educated.png,Educated,Tara Westover,9780399590504,0399590501,ok,isbn13,329,500,https://covers.openlibrary.org/b/isbn/9780399590504-L.jpg?default=false,
orwell_animal-farm.png,Animal Farm,George Orwell,,,ok,search,330,500,https://covers.openlibrary.org/b/id/11261770-L.jpg,
austen_pride-and-prejudice.png,Pride and Prejudice,Jane Austen,9781441341709,1441341706,ok,search,313,500,https://covers.openlibrary.org/b/id/14348537-L.jpg,
rowling_harry-potter-and-the-deathly-hallows.png,Harry Potter and the Deathly Hallows,J. K. Rowling,,,ok,ol-search2,318,500,https://covers.openlibrary.org/b/id/15158660-L.jpg,
rowling_harry-potter-and-the-half-blood-prince.png,Harry Potter and the Half-Blood Prince,J. K. Rowling,,,small,local,106,150,local:covers/rowling_harry-potter-and-the-half-blood-prince.png,
rowling_harry-potter-and-the-order-of-the-phoenix.png,Harry Potter and the Order of the Phoenix,J. K. Rowling,9780439686525,0439686520,ok,ol-search2,304,500,https://covers.openlibrary.org/b/id/15158666-L.jpg,
rowling_harry-potter-and-the-goblet-of-fire.png,Harry Potter and the Goblet of Fire,J. K. Rowling,9780439139595,0439139597,ok,isbn13,329,500,https://covers.openlibrary.org/b/isbn/9780439139595-L.jpg?default=false,
rowling_harry-potter-and-the-prisoner-of-azkaban.png,Harry Potter and the Prisoner of Azkaban,J. K. Rowling,9780439655484,043965548X,ok,ol-search2,323,500,https://covers.openlibrary.org/b/id/10580435-L.jpg,
rowling_harry-potter-and-the-chamber-of-secrets.png,Harry Potter and the Chamber of Secrets,J. K. Rowling,,,ok,user-isbn,344,500,https://covers.openlibrary.org/b/isbn/9781338878936-L.jpg,
rowling_harry-potter-and-the-sorcerers-stone.png,Harry Potter and the Sorcerer's Stone,J. K. Rowling,9780439554930,0439554934,small,isbn-refetch,265,400,https://covers.openlibrary.org/b/isbn/9780439554930-L.jpg,"title-search result rejected: Scholastic study guide, not the novel"
orwell_1984.png,1984,George Orwell,,,ok,search,327,500,https://covers.openlibrary.org/b/id/8745958-L.jpg,
tuchman_the-guns-of-august.png,The Guns of August,Barbara W. Tuchman,,,ok,ol-search2,355,500,https://covers.openlibrary.org/b/id/15101430-L.jpg,
diamond_the-third-chimpanzee.png,The Third Chimpanzee,Jared Diamond,9780060845506,0060845503,ok,isbn13,320,500,https://covers.openlibrary.org/b/isbn/9780060845506-L.jpg?default=false,
lewis_the-lion-the-witch-and-the-wardrobe.png,"The Lion, the Witch and the Wardrobe",C. S. Lewis,,,ok,ol-search2,375,500,https://covers.openlibrary.org/b/id/10626869-L.jpg,
tolkien_the-return-of-the-king.png,The Return of the King,J. R. R. Tolkien,9780345240347,0345240340,ok,isbn13,333,500,https://covers.openlibrary.org/b/isbn/9780345240347-L.jpg?default=false,
tolkien_the-two-towers.png,The Two Towers,J. R. R. Tolkien,,,small,reverted,98,167,local:covers/tolkien_the-two-towers.png,"ISBN cover rejected: library scan, label pasted over the title"
tolkien_the-fellowship-of-the-ring.png,The Fellowship of the Ring,J. R. R. Tolkien,,,ok,user-isbn,314,500,https://covers.openlibrary.org/b/isbn/9780547928210-L.jpg,
voss_never-split-the-difference.png,Never Split the Difference,Chris Voss,9780062407801,0062407805,ok,isbn13,321,500,https://covers.openlibrary.org/b/isbn/9780062407801-L.jpg?default=false,
sowell_basic-economics.png,Basic Economics,Thomas Sowell,9780465081455,0465081452,ok,isbn13,315,475,https://covers.openlibrary.org/b/isbn/9780465081455-L.jpg?default=false,
acemoglu_why-nations-fail.png,Why Nations Fail,Daron Acemoglu and James Robinson,9780307719218,0307719219,ok,isbn13,300,456,https://covers.openlibrary.org/b/isbn/9780307719218-L.jpg?default=false,
oneil_be-where-your-feet-are.png,Be Where Your Feet Are,Scott M. O'Neil,9781250769879,1250769876,small,local,105,158,local:covers/oneil_be-where-your-feet-are.png,
stewart_seven-miracles-that-saved-america.png,Seven Miracles That Saved America,Chris Stewart and Ted Stewart,9781606411445,1606411446,ok,isbn13,327,500,https://covers.openlibrary.org/b/isbn/9781606411445-L.jpg?default=false,
wilkerson_the-warmth-of-other-suns.png,The Warmth of Other Suns,Isabel Wilkerson,9780679444329,0679444327,ok,isbn13,325,500,https://covers.openlibrary.org/b/isbn/9780679444329-L.jpg?default=false,
lukianoff_the-coddling-of-the-american-mind.png,The Coddling of the American Mind,Greg Lukianoff and Jonathan Haidt,9780735224902,0735224900,ok,user-isbn,326,500,https://covers.openlibrary.org/b/isbn/9780735224919-L.jpg,
mcchrystal_team-of-teams.png,Team of Teams,Stanley McChrystal,9781591847489,1591847486,small,isbn13,230,346,https://covers.openlibrary.org/b/isbn/9781591847489-L.jpg?default=false,
sowell_applied-economics.png,Applied Economics,Thomas Sowell,9780465081431,0465081436,ok,isbn13,317,475,https://covers.openlibrary.org/b/isbn/9780465081431-L.jpg?default=false,
mckeown_essentialism.png,Essentialism,Greg McKeown,9780804137386,0804137382,ok,user-isbn,324,500,https://covers.openlibrary.org/b/isbn/9780804137409-L.jpg,
bahcall_loonshots.png,Loonshots,Safi Bahcall,9781250185969,1250185963,ok,isbn13,329,500,https://covers.openlibrary.org/b/isbn/9781250185969-L.jpg?default=false,
rand_the-fountainhead.png,The Fountainhead,Ayn Rand,,,small,user-isbn,293,500,https://covers.openlibrary.org/b/isbn/9780451191151-L.jpg,
shetterly_hidden-figures.png,Hidden Figures,Margot Lee Shetterly,,,ok,search,323,500,https://covers.openlibrary.org/b/id/10661694-L.jpg,
tzuo_subscribed.png,Subscribed,Tien Tzuo,9780525536475,0525536477,small,local,106,156,local:covers/tzuo_subscribed.png,
taleb_fooled-by-randomness.png,Fooled by Randomness,Nassim Nicholas Taleb,9780812975215,0812975219,ok,isbn13,324,500,https://covers.openlibrary.org/b/isbn/9780812975215-L.jpg?default=false,
clear_atomic-habits.png,Atomic Habits,James Clear,,,ok,ol-search2,369,500,https://covers.openlibrary.org/b/id/12539702-L.jpg,
isaacson_benjamin-franklin.png,Benjamin Franklin,Walter Isaacson,9780743258074,074325807X,ok,isbn13,457,500,https://covers.openlibrary.org/b/isbn/9780743258074-L.jpg?default=false,
chernow_titan.png,Titan,Ron Chernow,9781400077304,1400077303,ok,isbn13,333,500,https://covers.openlibrary.org/b/isbn/9781400077304-L.jpg?default=false,
munroe_what-if.png,What If?,Randall Munroe,9780544272996,0544272994,ok,isbn13,385,500,https://covers.openlibrary.org/b/isbn/9780544272996-L.jpg?default=false,
kahneman_thinking-fast-and-slow.png,"Thinking, Fast and Slow",Daniel Kahneman,9780374275631,0374275637,ok,isbn13,337,500,https://covers.openlibrary.org/b/isbn/9780374275631-L.jpg?default=false,
haidt_the-anxious-generation.png,The Anxious Generation,Jonathan Haidt,9780593655030,0593655036,ok,isbn13,328,500,https://covers.openlibrary.org/b/isbn/9780593655030-L.jpg?default=false,
aurelius_meditations.png,Meditations,Marcus Aurelius,9780140449334,0140449337,ok,isbn13,324,500,https://covers.openlibrary.org/b/isbn/9780140449334-L.jpg?default=false,
lopezalt_the-food-lab.png,The Food Lab,J. Kenji Lopez-Alt,9780393081084,0393081087,ok,isbn13,389,500,https://covers.openlibrary.org/b/isbn/9780393081084-L.jpg?default=false,
heller_ayn-rand-and-the-world-she-made.png,Ayn Rand and the World She Made,Anne C. Heller,9780385513999,0385513992,ok,isbn13,328,500,https://covers.openlibrary.org/b/isbn/9780385513999-L.jpg?default=false,
pausch_the-last-lecture.png,The Last Lecture,Randy Pausch,,,ok,search,375,500,https://covers.openlibrary.org/b/id/6423395-L.jpg,
ricks_churchill-and-orwell.png,Churchill & Orwell,Thomas E. Ricks,9781594206139,1594206139,ok,isbn13,329,500,https://covers.openlibrary.org/b/isbn/9781594206139-L.jpg?default=false,
rogoff_muppets-in-moscow.png,Muppets in Moscow,Natasha Lance Rogoff,9781538161289,1538161281,ok,isbn13,340,500,https://covers.openlibrary.org/b/isbn/9781538161289-L.jpg?default=false,
means_good-energy.png,Good Energy,Casey Means,9780593712641,0593712641,ok,isbn13,331,500,https://covers.openlibrary.org/b/isbn/9780593712641-L.jpg?default=false,
frankl_mans-search-for-meaning.png,Man's Search for Meaning,Viktor E. Frankl,9780807014295,080701429X,ok,isbn13,302,500,https://covers.openlibrary.org/b/isbn/9780807014295-L.jpg?default=false,
backman_a-man-called-ove.png,A Man Called Ove,Fredrik Backman,9781476738017,1476738017,ok,isbn13,309,475,https://covers.openlibrary.org/b/isbn/9781476738017-L.jpg?default=false,
gleick_genius.png,Genius,James Gleick,9780679747048,0679747044,ok,isbn13,306,475,https://covers.openlibrary.org/b/isbn/9780679747048-L.jpg?default=false,
zusak_the-book-thief.png,The Book Thief,Markus Zusak,,,ok,search,304,475,https://covers.openlibrary.org/b/id/8153054-L.jpg,
schroeder_the-snowball.png,The Snowball,Alice Schroeder,9780553805093,0553805096,ok,isbn13,331,500,https://covers.openlibrary.org/b/isbn/9780553805093-L.jpg?default=false,
zusak_i-am-the-messenger.png,I Am the Messenger,Markus Zusak,,,small,reverted,105,158,local:covers/zusak_i-am-the-messenger.png,ISBN cover rejected: 'Coming soon from Random House' placeholder
melville_moby-dick-or-the-whale.png,"Moby-Dick, or, The Whale",Herman Melville,9780142437247,0142437247,ok,isbn13,316,475,https://covers.openlibrary.org/b/isbn/9780142437247-L.jpg?default=false,
kim_a-necessary-lie.png,A Necessary Lie,Doohyun Kim,,,small,local,106,155,local:covers/kim_a-necessary-lie.png,
schwab_the-invisible-life-of-addie-larue.png,The Invisible Life of Addie LaRue,V. E. Schwab,9780765387561,0765387565,ok,isbn13,329,500,https://covers.openlibrary.org/b/isbn/9780765387561-L.jpg?default=false,
stewart_making-it-so.png,Making It So,Patrick Stewart,9781982167738,1982167734,ok,isbn13,331,500,https://covers.openlibrary.org/b/isbn/9781982167738-L.jpg?default=false,
farnes_the-conquer-code.png,The Conquer Code,Trevor Farnes,9781957616728,1957616725,small,local,106,149,local:covers/farnes_the-conquer-code.png,
dawson_american-sherlock.png,American Sherlock,Kate Winkler Dawson,9780525539551,0525539557,ok,isbn13,329,499,https://covers.openlibrary.org/b/isbn/9780525539551-L.jpg?default=false,
catmull_creativity-inc.png,"Creativity, Inc.",Ed Catmull,9780812993011,0812993012,ok,isbn13,328,500,https://covers.openlibrary.org/b/isbn/9780812993011-L.jpg?default=false,
taylor_we-are-legion-we-are-bob.png,We Are Legion (We Are Bob),Dennis E. Taylor,,,ok,user-isbn,329,500,https://covers.openlibrary.org/b/isbn/9781668221570-L.jpg,
gladwell_the-bomber-mafia.png,The Bomber Mafia,Malcolm Gladwell,9780316309851,0316309850,ok,isbn13,336,500,https://covers.openlibrary.org/b/isbn/9780316309851-L.jpg?default=false,
francis_decider.png,Decider,Dick Francis,9780425199381,042519938X,small,isbn13,299,500,https://covers.openlibrary.org/b/isbn/9780425199381-L.jpg?default=false,
larson_the-splendid-and-the-vile.png,The Splendid and the Vile,Erik Larson,9780385348720,038534872X,ok,ol-search2,500,500,https://covers.openlibrary.org/b/id/9293917-L.jpg,
fitzgerald_the-great-gatsby.png,The Great Gatsby,F. Scott Fitzgerald,9780743273565,0743273567,ok,isbn13,328,500,https://covers.openlibrary.org/b/isbn/9780743273565-L.jpg?default=false,
towles_a-gentleman-in-moscow.png,A Gentleman in Moscow,Amor Towles,,,ok,search,327,500,https://covers.openlibrary.org/b/id/11326818-L.jpg,
gladwell_talking-to-strangers.png,Talking to Strangers,Malcolm Gladwell,9780316478526,0316478520,ok,isbn13,336,499,https://covers.openlibrary.org/b/isbn/9780316478526-L.jpg?default=false,
evans_the-christmas-box.png,The Christmas Box,Richard Paul Evans,9780684832357,0684832356,ok,isbn13,339,500,https://covers.openlibrary.org/b/isbn/9780684832357-L.jpg?default=false,
peterson_12-rules-for-life.png,12 Rules for Life,Jordan B. Peterson,9780345816023,0345816021,ok,isbn13,331,500,https://covers.openlibrary.org/b/isbn/9780345816023-L.jpg?default=false,
patchett_the-dutch-house.png,The Dutch House,Ann Patchett,9780062963673,0062963678,ok,isbn13,315,475,https://covers.openlibrary.org/b/isbn/9780062963673-L.jpg?default=false,
keefe_empire-of-pain.png,Empire of Pain,Patrick Radden Keefe,9780385545686,0385545681,ok,isbn13,329,500,https://covers.openlibrary.org/b/isbn/9780385545686-L.jpg?default=false,
attia_outlive.png,Outlive,Peter Attia,9780593236598,0593236599,ok,isbn13,385,500,https://covers.openlibrary.org/b/isbn/9780593236598-L.jpg?default=false,
goodwin_team-of-rivals.png,Team of Rivals,Doris Kearns Goodwin,,,small,reverted,106,156,local:covers/goodwin_team-of-rivals.png,title-search result rejected: library scan with barcode overlay
levinson_the-box.png,The Box,Marc Levinson,,,ok,local,331,500,local:covers/levinson_the-box.png,
dickens_oliver-twist.png,Oliver Twist,Charles Dickens,,,ok,search,326,500,https://covers.openlibrary.org/b/id/13300802-L.jpg,
waugh_last-seen-wearing.png,Last Seen Wearing,Hillary Waugh,9780330389891,0330389890,small,isbn13,287,475,https://covers.openlibrary.org/b/isbn/9780330389891-L.jpg?default=false,
tuttle_the-child-whisperer.png,The Child Whisperer,Carol Tuttle,,9780984402,small,local,106,154,local:covers/tuttle_the-child-whisperer.png,
pollan_the-omnivores-dilemma.png,The Omnivore's Dilemma,Michael Pollan,9781594200823,1594200823,ok,isbn13,323,500,https://covers.openlibrary.org/b/isbn/9781594200823-L.jpg?default=false,
brenner_the-emperors-of-chocolate.png,The Emperors of Chocolate,Joel Glenn Brenner,9780767904575,0767904575,ok,isbn13,321,475,https://covers.openlibrary.org/b/isbn/9780767904575-L.jpg?default=false,
lee_to-kill-a-mockingbird.png,To Kill a Mockingbird,Harper Lee,9780060935467,0060935464,ok,isbn13,320,500,https://covers.openlibrary.org/b/isbn/9780060935467-L.jpg?default=false,
jones_powers-and-thrones.png,Powers and Thrones,Dan Jones,9781984880871,198488087X,ok,isbn13,331,500,https://covers.openlibrary.org/b/isbn/9781984880871-L.jpg?default=false,
weir_project-hail-mary.png,Project Hail Mary,Andy Weir,9780593135204,0593135202,ok,ol-search2,325,500,https://covers.openlibrary.org/b/id/11200092-L.jpg,
dostoyevsky_crime-and-punishment.png,Crime and Punishment,Fyodor Dostoyevsky,,,ok,ol-search2,306,500,https://covers.openlibrary.org/b/id/14831464-L.jpg,
mclean_the-smartest-guys-in-the-room.png,The Smartest Guys in the Room,Bethany McLean and Peter Elkind,9781591840534,1591840538,ok,isbn13,307,475,https://covers.openlibrary.org/b/isbn/9781591840534-L.jpg?default=false,
crouch_the-tech-wise-family.png,The Tech-Wise Family,Andy Crouch,9780801018664,0801018668,ok,isbn13,357,500,https://covers.openlibrary.org/b/isbn/9780801018664-L.jpg?default=false,
mccullough_the-greater-journey.png,The Greater Journey,David McCullough,9781416571766,1416571760,ok,isbn13,331,500,https://covers.openlibrary.org/b/isbn/9781416571766-L.jpg?default=false,
gaskill_sacred-symbols.png,Sacred Symbols,Alonzo L. Gaskill,9781599559650,159955965X,ok,isbn13,329,500,https://covers.openlibrary.org/b/isbn/9781599559650-L.jpg?default=false,
ambrose_undaunted-courage.png,Undaunted Courage,Stephen E. Ambrose,9780743477888,074347788X,ok,isbn13,325,500,https://covers.openlibrary.org/b/isbn/9780743477888-L.jpg?default=false,
lansing_endurance.png,Endurance,Alfred Lansing,,,ok,search,325,500,https://covers.openlibrary.org/b/id/540107-L.jpg,
duckworth_grit.png,Grit,Angela Duckworth,9781443442312,1443442313,ok,isbn13,329,500,https://covers.openlibrary.org/b/isbn/9781443442312-L.jpg?default=false,
grant_originals.png,Originals,Adam Grant,9780525429562,0525429565,ok,isbn13,324,500,https://covers.openlibrary.org/b/isbn/9780525429562-L.jpg?default=false,
mccullough_the-wright-brothers.png,The Wright Brothers,David McCullough,,,small,search,241,350,https://covers.openlibrary.org/b/id/7317364-L.jpg,
