filename,title_full,title_short,author,confidence,notes,final_filename
block01_r1c1.png,Cable Cowboy: John Malone and the Rise of the Modern Cable Business,Cable Cowboy,Mark Robichaux,high,,robichaux_cable-cowboy.png
block01_r1c2.png,The Lord God Made Them All,The Lord God Made Them All,James Herriot,high,,herriot_the-lord-god-made-them-all.png
block01_r1c3.png,All Things Wise and Wonderful,All Things Wise and Wonderful,James Herriot,high,,herriot_all-things-wise-and-wonderful.png
block01_r1c4.png,All Things Bright and Beautiful,All Things Bright and Beautiful,James Herriot,high,,herriot_all-things-bright-and-beautiful.png
block01_r1c5.png,All Creatures Great and Small,All Creatures Great and Small,James Herriot,high,,herriot_all-creatures-great-and-small.png
block01_r1c6.png,The Martian,The Martian,Andy Weir,high,,weir_the-martian.png
block01_r2c1.png,Travels with Charley: In Search of America,Travels with Charley,John Steinbeck,high,,steinbeck_travels-with-charley.png
block01_r2c2.png,Alexander Hamilton,Alexander Hamilton,Ron Chernow,high,,chernow_alexander-hamilton.png
block01_r2c3.png,The Boys in the Boat: Nine Americans and Their Epic Quest for Gold at the 1936 Berlin Olympics,The Boys in the Boat,Daniel James Brown,high,,brown_the-boys-in-the-boat.png
block01_r2c4.png,The Emperor of All Maladies: A Biography of Cancer,The Emperor of All Maladies,Siddhartha Mukherjee,high,subtitle set in very small caps; read at low resolution,mukherjee_the-emperor-of-all-maladies.png
block01_r2c5.png,The Gene: An Intimate History,The Gene,Siddhartha Mukherjee,high,,mukherjee_the-gene.png
block01_r2c6.png,Ancient Rome: The Rise and Fall of an Empire,Ancient Rome,Simon Baker,high,,baker_ancient-rome.png
block01_r3c1.png,1776,1776,David McCullough,high,,mccullough_1776.png
block01_r3c2.png,John Adams,John Adams,David McCullough,high,,mccullough_john-adams.png
block01_r3c3.png,Brave Companions: Portraits in History,Brave Companions,David McCullough,high,,mccullough_brave-companions.png
block01_r3c4.png,Good to Great,Good to Great,Jim Collins,high,cover subtitle ('Why Some Companies Make the Leap... and Others Don't') too small to read reliably; omitted,collins_good-to-great.png
block01_r3c5.png,Shoe Dog: A Memoir by the Creator of Nike,Shoe Dog,Phil Knight,high,,knight_shoe-dog.png
block01_r3c6.png,Atlas Shrugged,Atlas Shrugged,Ayn Rand,high,,rand_atlas-shrugged.png
block01_r4c1.png,Outliers: The Story of Success,Outliers,Malcolm Gladwell,high,,gladwell_outliers.png
block01_r4c2.png,"David and Goliath: Underdogs, Misfits, and the Art of Battling Giants",David and Goliath,Malcolm Gladwell,high,subtitle read at low resolution,gladwell_david-and-goliath.png
block01_r4c3.png,An Economic History of the World since 1400,An Economic History of the World since 1400,Donald Harreld,high,Great Courses; lecturer name is illegible on the cover - supplied by user (audible.com/pd/B01K4ZNTFS),harreld_an-economic-history-of-the-world-since-1400.png
block01_r4c4.png,The Woman in White,The Woman in White,Wilkie Collins,high,,collins_the-woman-in-white.png
block01_r4c5.png,Truman,Truman,David McCullough,high,,mccullough_truman.png
block01_r4c6.png,Genghis Khan and the Making of the Modern World,Genghis Khan and the Making of the Modern World,Jack Weatherford,high,,weatherford_genghis-khan-and-the-making-of-the-modern-world.png
block02_r1c1.png,Capitalism: The Unknown Ideal,Capitalism,Ayn Rand,high,source crop was clipped at the top; image replaced with user-supplied Rand_Capitalism.jpg (Signet Authorized Edition - a different edition cover than the screenshot) - NOT a crop from the source screenshots,rand_capitalism.png
block02_r1c2.png,Salt: A World History,Salt,Mark Kurlansky,high,,kurlansky_salt.png
block02_r1c3.png,21 Lessons for the 21st Century,21 Lessons for the 21st Century,Yuval Noah Harari,high,,harari_21-lessons-for-the-21st-century.png
block02_r1c4.png,Bossypants,Bossypants,Tina Fey,high,,fey_bossypants.png
block02_r1c5.png,"The Purpose Code: How to Unlock Meaning, Maximize Happiness, and Leave a Lasting Legacy",The Purpose Code,Jordan Grumet,high,,grumet_the-purpose-code.png
block02_r1c6.png,Poor Charlie's Almanack: The Wit and Wisdom of Charles T. Munger,Poor Charlie's Almanack,Charles T. Munger,high,edited by Peter D. Kaufman; foreword by Warren E. Buffett,munger_poor-charlies-almanack.png
block02_r2c1.png,Henry V: The Astonishing Triumph of England's Greatest Warrior King,Henry V,Dan Jones,high,subtitle read at low resolution,jones_henry-v.png
block02_r2c2.png,A History of the World in 6 Glasses,A History of the World in 6 Glasses,Tom Standage,high,,standage_a-history-of-the-world-in-6-glasses.png
block02_r2c3.png,The Personal MBA,The Personal MBA,Josh Kaufman,high,10th Anniversary Edition,kaufman_the-personal-mba.png
block02_r2c4.png,The Ruthless Elimination of Hurry,The Ruthless Elimination of Hurry,John Mark Comer,high,foreword by John Ortberg,comer_the-ruthless-elimination-of-hurry.png
block02_r2c5.png,The Three-Body Problem,The Three-Body Problem,Cixin Liu,high,translated by Ken Liu,liu_the-three-body-problem.png
block02_r2c6.png,A Brief History of Time,A Brief History of Time,Stephen Hawking,high,,hawking_a-brief-history-of-time.png
block02_r3c1.png,The Theory of Everything: The Origin and Fate of the Universe,The Theory of Everything,Stephen W. Hawking,high,,hawking_the-theory-of-everything.png
block02_r3c2.png,See You in the Cosmos,See You in the Cosmos,Jack Cheng,high,,cheng_see-you-in-the-cosmos.png
block02_r3c3.png,"""Surely You're Joking, Mr. Feynman!"": Adventures of a Curious Character","""Surely You're Joking, Mr. Feynman!""",Richard P. Feynman,high,,feynman_surely-youre-joking-mr-feynman.png
block02_r3c4.png,The Double Helix,The Double Helix,James D. Watson,high,,watson_the-double-helix.png
block02_r3c5.png,Principles,Principles,Ray Dalio,high,,dalio_principles.png
block02_r3c6.png,The 5 Love Languages: The Secret to Love That Lasts,The 5 Love Languages,Gary Chapman,high,,chapman_the-5-love-languages.png
block02_r4c1.png,Astrophysics for People in a Hurry,Astrophysics for People in a Hurry,Neil deGrasse Tyson,high,,tyson_astrophysics-for-people-in-a-hurry.png
block02_r4c2.png,The Only Plane in the Sky: An Oral History of 9/11,The Only Plane in the Sky,Garrett M. Graff,medium,author name on cover is very small; read at low resolution,graff_the-only-plane-in-the-sky.png
block02_r4c3.png,How to Know a Person: The Art of Seeing Others Deeply and Being Deeply Seen,How to Know a Person,David Brooks,high,,brooks_how-to-know-a-person.png
block02_r4c4.png,The Goal,The Goal,Eliyahu M. Goldratt,medium,with Jeff Cox; 30th Anniversary Edition. Cover subtitle too small to read reliably,goldratt_the-goal.png
block02_r4c5.png,Source Code: My Beginnings,Source Code,Bill Gates,high,,gates_source-code.png
block02_r4c6.png,The Way of Kings,The Way of Kings,Brandon Sanderson,medium,title is heavily stylized and low-contrast; 'Book One of The Stormlight Archive' visible below,sanderson_the-way-of-kings.png
block03_r1c1.png,Be Useful: Seven Tools for Life,Be Useful,Arnold Schwarzenegger,high,,schwarzenegger_be-useful.png
block03_r1c2.png,Romney: A Reckoning,Romney,McKay Coppins,high,,coppins_romney.png
block03_r1c3.png,Ikigai: The Japanese Secret to a Long and Happy Life,Ikigai,Hector Garcia and Francesc Miralles,medium,author line on cover is very small; read at low resolution,garcia_ikigai.png
block03_r1c4.png,What It Takes: Lessons in the Pursuit of Excellence,What It Takes,Stephen A. Schwarzman,high,,schwarzman_what-it-takes.png
block03_r1c5.png,Edgedancer,Edgedancer,Brandon Sanderson,high,'From the Stormlight Archive',sanderson_edgedancer.png
block03_r1c6.png,"A Brief History of Motion: From the Wheel, to the Car, to What Comes Next",A Brief History of Motion,Tom Standage,high,,standage_a-brief-history-of-motion.png
block03_r2c1.png,"The Mysterious Case of Rudolf Diesel: Genius, Power, and Deception on the Eve of World War I",The Mysterious Case of Rudolf Diesel,Douglas Brunt,high,,brunt_the-mysterious-case-of-rudolf-diesel.png
block03_r2c2.png,Oathbringer,Oathbringer,Brandon Sanderson,high,Book Three of The Stormlight Archive,sanderson_oathbringer.png
block03_r2c3.png,It Worked for Me: In Life and Leadership,It Worked for Me,Colin Powell,high,with Tony Koltz,powell_it-worked-for-me.png
block03_r2c4.png,Words of Radiance,Words of Radiance,Brandon Sanderson,high,Book Two of The Stormlight Archive,sanderson_words-of-radiance.png
block03_r2c5.png,The Infinite Game,The Infinite Game,Simon Sinek,high,,sinek_the-infinite-game.png
block03_r2c6.png,The Checklist Manifesto: How to Get Things Right,The Checklist Manifesto,Atul Gawande,high,,gawande_the-checklist-manifesto.png
block03_r3c1.png,Assyria: The Rise and Fall of the World's First Empire,Assyria,Eckart Frahm,high,,frahm_assyria.png
block03_r3c2.png,The History of Money: A Story of Humanity,The History of Money,David McWilliams,high,,mcwilliams_the-history-of-money.png
block03_r3c3.png,"The Thinking Machine: Jensen Huang, Nvidia, and the World's Most Coveted Microchip",The Thinking Machine,Stephen Witt,high,,witt_the-thinking-machine.png
block03_r3c4.png,Persuasion,Persuasion,Jane Austen,high,Oxford World's Classics,austen_persuasion.png
block03_r3c5.png,Mansfield Park,Mansfield Park,Jane Austen,medium,"Penguin Classics; title set in small italics, read at low resolution",austen_mansfield-park.png
block03_r3c6.png,Critical Chain,Critical Chain,Eliyahu M. Goldratt,high,,goldratt_critical-chain.png
block03_r4c1.png,My Next Breath: A Memoir,My Next Breath,Jeremy Renner,high,,renner_my-next-breath.png
block03_r4c2.png,Emma,Emma,Jane Austen,medium,"Penguin Classics; title set in small italics, read at low resolution",austen_emma.png
block03_r4c3.png,How to Become a Federal Criminal: An Illustrated Handbook for the Aspiring Offender,How to Become a Federal Criminal,Mike Chase,high,,chase_how-to-become-a-federal-criminal.png
block03_r4c4.png,Northanger Abbey,Northanger Abbey,Jane Austen,high,,austen_northanger-abbey.png
block03_r4c5.png,Sense and Sensibility,Sense and Sensibility,Jane Austen,medium,"Penguin Classics; title set in small italics, read at low resolution",austen_sense-and-sensibility.png
block03_r4c6.png,Ready Player One,Ready Player One,Ernest Cline,high,,cline_ready-player-one.png
block04_r1c1.png,Steve Jobs,Steve Jobs,Walter Isaacson,high,,isaacson_steve-jobs.png
block04_r1c2.png,From Beirut to Jerusalem,From Beirut to Jerusalem,Thomas L. Friedman,high,,friedman_from-beirut-to-jerusalem.png
block04_r1c3.png,Band of Brothers,Band of Brothers,Stephen E. Ambrose,high,,ambrose_band-of-brothers.png
block04_r1c4.png,"William Shakespeare: Comedies, Histories, and Tragedies",William Shakespeare,Peter Saccio,medium,"Great Courses cover; lecturer name is very small, read at low resolution",saccio_william-shakespeare.png
block04_r1c5.png,A. Lincoln: A Biography,A. Lincoln,"Ronald C. White, Jr.",medium,title appears as a signature; subtitle too small to confirm on the cover,white_a-lincoln.png
block04_r1c6.png,"Elon Musk: Tesla, SpaceX, and the Quest for a Fantastic Future",Elon Musk,Ashlee Vance,high,,vance_elon-musk.png
block04_r2c1.png,Leonardo da Vinci,Leonardo da Vinci,Walter Isaacson,high,,isaacson_leonardo-da-vinci.png
block04_r2c2.png,The Princess Bride,The Princess Bride,William Goldman,high,30th Anniversary Edition,goldman_the-princess-bride.png
block04_r2c3.png,The Glass Castle: A Memoir,The Glass Castle,Jeannette Walls,high,,walls_the-glass-castle.png
block04_r2c4.png,The Outsiders,The Outsiders,S. E. Hinton,high,,hinton_the-outsiders.png
block04_r2c5.png,"The Hobbit, or There and Back Again","The Hobbit, or There and Back Again",J. R. R. Tolkien,high,,tolkien_the-hobbit-or-there-and-back-again.png
block04_r2c6.png,Educated: A Memoir,Educated,Tara Westover,high,,westover_educated.png
block04_r3c1.png,Animal Farm,Animal Farm,George Orwell,high,"Centennial Edition, foreword by Ann Patchett",orwell_animal-farm.png
block04_r3c2.png,Pride and Prejudice,Pride and Prejudice,Jane Austen,high,,austen_pride-and-prejudice.png
block04_r3c3.png,Harry Potter and the Deathly Hallows,Harry Potter and the Deathly Hallows,J. K. Rowling,high,,rowling_harry-potter-and-the-deathly-hallows.png
block04_r3c4.png,Harry Potter and the Half-Blood Prince,Harry Potter and the Half-Blood Prince,J. K. Rowling,medium,title lettering is low-contrast against the artwork; identified largely from the cover art,rowling_harry-potter-and-the-half-blood-prince.png
block04_r3c5.png,Harry Potter and the Order of the Phoenix,Harry Potter and the Order of the Phoenix,J. K. Rowling,medium,illustrated edition (Jim Kay); title lettering is low-contrast against the artwork,rowling_harry-potter-and-the-order-of-the-phoenix.png
block04_r3c6.png,Harry Potter and the Goblet of Fire,Harry Potter and the Goblet of Fire,J. K. Rowling,high,,rowling_harry-potter-and-the-goblet-of-fire.png
block04_r4c1.png,Harry Potter and the Prisoner of Azkaban,Harry Potter and the Prisoner of Azkaban,J. K. Rowling,high,,rowling_harry-potter-and-the-prisoner-of-azkaban.png
block04_r4c2.png,Harry Potter and the Chamber of Secrets,Harry Potter and the Chamber of Secrets,J. K. Rowling,high,,rowling_harry-potter-and-the-chamber-of-secrets.png
block04_r4c3.png,Harry Potter and the Sorcerer's Stone,Harry Potter and the Sorcerer's Stone,J. K. Rowling,high,,rowling_harry-potter-and-the-sorcerers-stone.png
block04_r4c4.png,1984,1984,George Orwell,high,,orwell_1984.png
block04_r4c5.png,The Guns of August,The Guns of August,Barbara W. Tuchman,high,,tuchman_the-guns-of-august.png
block04_r4c6.png,The Third Chimpanzee: The Evolution and Future of the Human Animal,The Third Chimpanzee,Jared Diamond,high,,diamond_the-third-chimpanzee.png
block05_r1c1.png,"The Lion, the Witch and the Wardrobe","The Lion, the Witch and the Wardrobe",C. S. Lewis,high,The Chronicles of Narnia,lewis_the-lion-the-witch-and-the-wardrobe.png
block05_r1c2.png,The Return of the King,The Return of the King,J. R. R. Tolkien,high,"The Lord of the Rings, Part Three",tolkien_the-return-of-the-king.png
block05_r1c3.png,The Two Towers,The Two Towers,J. R. R. Tolkien,high,"The Lord of the Rings, Part Two",tolkien_the-two-towers.png
block05_r1c4.png,The Fellowship of the Ring,The Fellowship of the Ring,J. R. R. Tolkien,high,"The Lord of the Rings, Part One",tolkien_the-fellowship-of-the-ring.png
block05_r1c5.png,Never Split the Difference: Negotiating as If Your Life Depended on It,Never Split the Difference,Chris Voss,high,with Tahl Raz,voss_never-split-the-difference.png
block05_r1c6.png,Basic Economics: A Citizen's Guide to the Economy,Basic Economics,Thomas Sowell,high,,sowell_basic-economics.png
block05_r2c1.png,"Why Nations Fail: The Origins of Power, Prosperity, and Poverty",Why Nations Fail,Daron Acemoglu and James Robinson,high,,acemoglu_why-nations-fail.png
block05_r2c2.png,"Be Where Your Feet Are: Seven Principles to Keep You Present, Grounded, and Thriving",Be Where Your Feet Are,Scott M. O'Neil,high,with Randall A. Wright,oneil_be-where-your-feet-are.png
block05_r2c3.png,Seven Miracles That Saved America,Seven Miracles That Saved America,Chris Stewart and Ted Stewart,high,,stewart_seven-miracles-that-saved-america.png
block05_r2c4.png,The Warmth of Other Suns: The Epic Story of America's Great Migration,The Warmth of Other Suns,Isabel Wilkerson,high,,wilkerson_the-warmth-of-other-suns.png
block05_r2c5.png,The Coddling of the American Mind: How Good Intentions and Bad Ideas Are Setting Up a Generation for Failure,The Coddling of the American Mind,Greg Lukianoff and Jonathan Haidt,high,,lukianoff_the-coddling-of-the-american-mind.png
block05_r2c6.png,Team of Teams: New Rules of Engagement for a Complex World,Team of Teams,Stanley McChrystal,high,"credited on cover as General Stanley McChrystal, U.S. Army, Retired",mcchrystal_team-of-teams.png
block05_r3c1.png,Applied Economics: Thinking Beyond Stage One,Applied Economics,Thomas Sowell,high,,sowell_applied-economics.png
block05_r3c2.png,Essentialism: The Disciplined Pursuit of Less,Essentialism,Greg McKeown,high,,mckeown_essentialism.png
block05_r3c3.png,"Loonshots: How to Nurture the Crazy Ideas That Win Wars, Cure Diseases, and Transform Industries",Loonshots,Safi Bahcall,high,,bahcall_loonshots.png
block05_r3c4.png,The Fountainhead,The Fountainhead,Ayn Rand,high,,rand_the-fountainhead.png
block05_r3c5.png,Hidden Figures,Hidden Figures,Margot Lee Shetterly,high,,shetterly_hidden-figures.png
block05_r3c6.png,Subscribed: Why the Subscription Model Will Be Your Company's Future - and What to Do About It,Subscribed,Tien Tzuo,high,,tzuo_subscribed.png
block05_r4c1.png,Fooled by Randomness: The Hidden Role of Chance in Life and in the Markets,Fooled by Randomness,Nassim Nicholas Taleb,high,,taleb_fooled-by-randomness.png
block05_r4c2.png,Atomic Habits: An Easy & Proven Way to Build Good Habits & Break Bad Ones,Atomic Habits,James Clear,high,,clear_atomic-habits.png
block05_r4c3.png,Benjamin Franklin: An American Life,Benjamin Franklin,Walter Isaacson,high,,isaacson_benjamin-franklin.png
block05_r4c4.png,"Titan: The Life of John D. Rockefeller, Sr.",Titan,Ron Chernow,high,,chernow_titan.png
block05_r4c5.png,What If?: Serious Scientific Answers to Absurd Hypothetical Questions,What If?,Randall Munroe,high,,munroe_what-if.png
block05_r4c6.png,"Thinking, Fast and Slow","Thinking, Fast and Slow",Daniel Kahneman,high,,kahneman_thinking-fast-and-slow.png
block06_r1c1.png,The Anxious Generation: How the Great Rewiring of Childhood Is Causing an Epidemic of Mental Illness,The Anxious Generation,Jonathan Haidt,high,,haidt_the-anxious-generation.png
block06_r1c2.png,Meditations,Meditations,Marcus Aurelius,high,Penguin Classics,aurelius_meditations.png
block06_r1c3.png,The Food Lab: Better Home Cooking Through Science,The Food Lab,J. Kenji Lopez-Alt,high,,lopezalt_the-food-lab.png
block06_r1c4.png,Ayn Rand and the World She Made,Ayn Rand and the World She Made,Anne C. Heller,high,,heller_ayn-rand-and-the-world-she-made.png
block06_r1c5.png,The Last Lecture,The Last Lecture,Randy Pausch,high,with Jeffrey Zaslow,pausch_the-last-lecture.png
block06_r1c6.png,Churchill & Orwell: The Fight for Freedom,Churchill & Orwell,Thomas E. Ricks,high,,ricks_churchill-and-orwell.png
block06_r2c1.png,Muppets in Moscow,Muppets in Moscow,Natasha Lance Rogoff,high,cover subtitle about making Sesame Street in Russia is too small to read reliably; omitted,rogoff_muppets-in-moscow.png
block06_r2c2.png,Good Energy: The Surprising Connection Between Metabolism and Limitless Health,Good Energy,Casey Means,high,with Calley Means,means_good-energy.png
block06_r2c3.png,Man's Search for Meaning,Man's Search for Meaning,Viktor E. Frankl,high,,frankl_mans-search-for-meaning.png
block06_r2c4.png,A Man Called Ove,A Man Called Ove,Fredrik Backman,high,,backman_a-man-called-ove.png
block06_r2c5.png,Genius: The Life and Science of Richard Feynman,Genius,James Gleick,high,,gleick_genius.png
block06_r2c6.png,The Book Thief,The Book Thief,Markus Zusak,medium,title lettering is stylized and low-contrast; the author line on the cover is not legible at this resolution,zusak_the-book-thief.png
block06_r3c1.png,The Snowball: Warren Buffett and the Business of Life,The Snowball,Alice Schroeder,high,,schroeder_the-snowball.png
block06_r3c2.png,I Am the Messenger,I Am the Messenger,Markus Zusak,high,,zusak_i-am-the-messenger.png
block06_r3c3.png,"Moby-Dick, or, The Whale","Moby-Dick, or, The Whale",Herman Melville,high,Penguin Classics,melville_moby-dick-or-the-whale.png
block06_r3c4.png,A Necessary Lie,A Necessary Lie,Doohyun Kim,high,byline is not legible on the cover - author supplied by user (amazon.com/dp/B0CH3XJJ45); cover shows a co-author credit that remains illegible,kim_a-necessary-lie.png
block06_r3c5.png,The Invisible Life of Addie LaRue,The Invisible Life of Addie LaRue,V. E. Schwab,high,,schwab_the-invisible-life-of-addie-larue.png
block06_r3c6.png,Making It So: A Memoir,Making It So,Patrick Stewart,high,,stewart_making-it-so.png
block06_r4c1.png,The Conquer Code,The Conquer Code,Trevor Farnes,high,surname corrected by user to Farnes (I misread the small cover lettering as FARMES),farnes_the-conquer-code.png
block06_r4c2.png,"American Sherlock: Murder, Forensics, and the Birth of American CSI",American Sherlock,Kate Winkler Dawson,medium,subtitle read at low resolution,dawson_american-sherlock.png
block06_r4c3.png,"Creativity, Inc.: Overcoming the Unseen Forces That Stand in the Way of True Inspiration","Creativity, Inc.",Ed Catmull,high,with Amy Wallace,catmull_creativity-inc.png
block06_r4c4.png,We Are Legion (We Are Bob),We Are Legion (We Are Bob),Dennis E. Taylor,high,,taylor_we-are-legion-we-are-bob.png
block06_r4c5.png,"The Bomber Mafia: A Dream, a Temptation, and the Longest Night of the Second World War",The Bomber Mafia,Malcolm Gladwell,high,,gladwell_the-bomber-mafia.png
block06_r4c6.png,Decider,Decider,Dick Francis,high,,francis_decider.png
block07_r1c1.png,"The Splendid and the Vile: A Saga of Churchill, Family, and Defiance During the Blitz",The Splendid and the Vile,Erik Larson,high,,larson_the-splendid-and-the-vile.png
block07_r1c2.png,The Great Gatsby,The Great Gatsby,F. Scott Fitzgerald,high,"The Author's Edition, 100th anniversary",fitzgerald_the-great-gatsby.png
block07_r1c3.png,A Gentleman in Moscow,A Gentleman in Moscow,Amor Towles,high,,towles_a-gentleman-in-moscow.png
block07_r1c4.png,Talking to Strangers: What We Should Know About the People We Don't Know,Talking to Strangers,Malcolm Gladwell,high,,gladwell_talking-to-strangers.png
block07_r1c5.png,The Christmas Box,The Christmas Box,Richard Paul Evans,medium,title and author set in small script on a decorative binding; read at low resolution,evans_the-christmas-box.png
block07_r1c6.png,12 Rules for Life: An Antidote to Chaos,12 Rules for Life,Jordan B. Peterson,high,a sliver of the row above is clipped into the top of the source screenshot,peterson_12-rules-for-life.png
block07_r2c1.png,The Dutch House: A Novel,The Dutch House,Ann Patchett,high,,patchett_the-dutch-house.png
block07_r2c2.png,Empire of Pain: The Secret History of the Sackler Dynasty,Empire of Pain,Patrick Radden Keefe,high,,keefe_empire-of-pain.png
block07_r2c3.png,Outlive: The Science & Art of Longevity,Outlive,Peter Attia,high,with Bill Gifford,attia_outlive.png
block07_r2c4.png,Team of Rivals: The Political Genius of Abraham Lincoln,Team of Rivals,Doris Kearns Goodwin,high,,goodwin_team-of-rivals.png
block07_r2c5.png,The Box: How the Shipping Container Made the World Smaller and the World Economy Bigger,The Box,Marc Levinson,high,"source grid held a placeholder cover with truncated title text; image replaced at user request with the real Princeton UP cover (ISBN 0691136408) from covers.openlibrary.org, 331x500 - NOT a crop from the source screenshots",levinson_the-box.png
block07_r2c6.png,Oliver Twist,Oliver Twist,Charles Dickens,high,Penguin Classics,dickens_oliver-twist.png
block07_r3c1.png,Last Seen Wearing,Last Seen Wearing,Hillary Waugh,high,Pan Crime Classics,waugh_last-seen-wearing.png
block07_r3c2.png,"The Child Whisperer: The Ultimate Handbook for Raising Happy, Successful, Cooperative Children",The Child Whisperer,Carol Tuttle,high,subtitle read at low resolution,tuttle_the-child-whisperer.png
block07_r3c3.png,The Omnivore's Dilemma: A Natural History of Four Meals,The Omnivore's Dilemma,Michael Pollan,high,,pollan_the-omnivores-dilemma.png
block07_r3c4.png,The Emperors of Chocolate: Inside the Secret World of Hershey & Mars,The Emperors of Chocolate,Joel Glenn Brenner,medium,title and author appear only in a small medallion on the cover,brenner_the-emperors-of-chocolate.png
block07_r3c5.png,To Kill a Mockingbird,To Kill a Mockingbird,Harper Lee,high,,lee_to-kill-a-mockingbird.png
block07_r3c6.png,Powers and Thrones: A New History of the Middle Ages,Powers and Thrones,Dan Jones,high,,jones_powers-and-thrones.png
block07_r4c1.png,Project Hail Mary,Project Hail Mary,Andy Weir,high,,weir_project-hail-mary.png
block07_r4c2.png,Crime and Punishment,Crime and Punishment,Fyodor Dostoyevsky,high,Penguin Classics,dostoyevsky_crime-and-punishment.png
block07_r4c3.png,The Smartest Guys in the Room: The Amazing Rise and Scandalous Fall of Enron,The Smartest Guys in the Room,Bethany McLean and Peter Elkind,high,,mclean_the-smartest-guys-in-the-room.png
block07_r4c4.png,The Tech-Wise Family: Everyday Steps for Putting Technology in Its Proper Place,The Tech-Wise Family,Andy Crouch,high,,crouch_the-tech-wise-family.png
block07_r4c5.png,The Greater Journey: Americans in Paris,The Greater Journey,David McCullough,high,,mccullough_the-greater-journey.png
block07_r4c6.png,"Sacred Symbols: Finding Meaning in Rites, Rituals, & Ordinances",Sacred Symbols,Alonzo L. Gaskill,high,,gaskill_sacred-symbols.png
block08_r2c1.png,Undaunted Courage: The Pioneering First Mission to Explore America's Wild Frontier,Undaunted Courage,Stephen E. Ambrose,high,,ambrose_undaunted-courage.png
block08_r2c2.png,Endurance: Shackleton's Incredible Voyage,Endurance,Alfred Lansing,high,,lansing_endurance.png
block08_r2c3.png,Grit: The Power of Passion and Perseverance,Grit,Angela Duckworth,high,,duckworth_grit.png
block08_r2c4.png,Originals: How Non-Conformists Move the World,Originals,Adam Grant,high,,grant_originals.png
block08_r2c5.png,The Wright Brothers,The Wright Brothers,David McCullough,high,,mccullough_the-wright-brothers.png
