Book Id,Title,Author,Author l-f,Additional Authors,ISBN,ISBN13,My Rating,Publisher,Binding,Number of Pages,Year Published,Original Publication Year,Date Read,Date Added,Bookshelves,Bookshelves with positions,Exclusive Shelf,My Review,Spoiler,Private Notes,Read Count,Owned Copies
25614523,Originals: How Non-Conformists Move the World,Adam M. Grant,"Grant, Adam M.",,0525429565,9780525429562,4,Viking,Hardcover,326,2016,2016,8/25/2018,8/11/2018,,,read,,,,1,0
25541028,"Elon Musk: Tesla, SpaceX, and the Quest for a Fantastic Future",Ashlee Vance,"Vance, Ashlee",,0062301233,9780062301239,5,Ecco,Hardcover,392,2015,2015,8/28/2018,8/25/2018,,,read,,,,1,0
49234,The Third Chimpanzee: The Evolution and Future of the Human Animal,Jared Diamond,"Diamond, Jared",,0060845503,9780060845506,1,Harper Perennial,Paperback,407,2006,1991,9/8/2018,8/11/2018,,,read,,,,1,0
38743,"All Things Bright and Beautiful (All Creatures Great and Small, #3-4)",James Herriot,"Herriot, James",,0312330863,9780312330866,5,St. Martin's Griffin,Paperback,378,2004,1976,10/1/2018,8/11/2018,,,read,,,,1,0
22609391,The Wright Brothers,David McCullough,"McCullough, David",,,,5,Simon & Schuster,Hardcover,320,2015,2015,10/23/2018,8/11/2018,,,read,,,,1,0
42909,"All Things Wise and Wonderful (All Creatures Great and Small, #5-6)",James Herriot,"Herriot, James",,0312335288,9780312335281,5,St. Martin's Griffin,Paperback,448,2004,1978,10/23/2018,8/11/2018,,,read,,,,1,0
23014868,"The Lord God Made Them All (All Creatures Great and Small, #7)",James Herriot,"Herriot, James",,1250068657,9781250068651,5,Griffin,Paperback,373,2015,1981,11/26/2018,8/11/2018,,,read,,,,1,0
4059448,A. Lincoln,Ronald C. White Jr.,"Jr., Ronald C. White",,1400064996,9781400064991,5,Random House ,Hardcover,816,2009,2009,2/9/2019,2/9/2019,,,read,,,,1,0
34684622,Leonardo da Vinci,Walter Isaacson,"Isaacson, Walter",,1501139150,9781501139154,5,Simon & Schuster,Hardcover,600,2017,2017,2/9/2019,8/11/2018,,,read,,,,1,0
40058155,"William Shakespeare: Comedies, Histories and Tragedies",Peter Saccio,"Saccio, Peter",,,,4,The Great Courses,Audible Audio,12,2013,1999,4/22/2019,2/9/2019,,,read,,,,1,0
11084145,Steve Jobs,Walter Isaacson,"Isaacson, Walter",,1451648537,9781451648539,5,Simon & Schuster,Hardcover,630,2011,2011,5/30/2019,5/4/2019,,,read,,,,1,0
11468377,"Thinking, Fast and Slow",Daniel Kahneman,"Kahneman, Daniel",,0374275637,9780374275631,3,"Farrar, Straus and Giroux",Hardcover,499,2011,2011,9/19/2019,5/30/2019,,,read,,,,1,0
40121378,Atomic Habits: An Easy & Proven Way to Build Good Habits & Break Bad Ones,James Clear,"Clear, James",,,,5,Avery,Kindle Edition,319,2018,2018,10/2/2019,9/19/2019,,,read,,,,2,0
38315,Fooled by Randomness: The Hidden Role of Chance in Life and in the Markets (Incerto),Nassim Nicholas Taleb,"Taleb, Nassim Nicholas",,0812975219,9780812975215,5,Random House Trade Paperbacks,Paperback,368,2005,2001,10/9/2019,10/2/2019,,,read,,,,1,0
35133922,Educated,Tara Westover,"Westover, Tara",,0399590501,9780399590504,5,Random House,Hardcover,352,2018,2018,10/17/2019,8/11/2018,,,read,,,,1,0
21413662,What If?: Serious Scientific Answers to Absurd Hypothetical Questions,Randall Munroe,"Munroe, Randall",,0544272994,9780544272996,4,Dey Street Books,Hardcover,303,2014,2014,5/29/2020,6/14/2019,,,read,,,,1,0
662,Atlas Shrugged,Ayn Rand,"Rand, Ayn",Leonard Peikoff,0452011876,9780452011878,5,Plume,Paperback,1168,1999,1957,6/13/2020,8/11/2018,,,read,,,,4,0
38606235,Subscribed: Why the Subscription Model Will Be Your Company's Future - and What to Do About It,Tien Tzuo,"Tzuo, Tien",Gabe Weisert,0525536477,9780525536475,4,Portfolio,Kindle Edition,254,2018,2018,6/13/2020,5/29/2020,,,read,,,,1,0
40779082,The Guns of August,Barbara W. Tuchman,"Tuchman, Barbara W.",,,,3,Random House,Kindle Edition,710,2009,1962,10/2/2020,8/11/2018,,,read,,,,1,0
25953369,Hidden Figures,Margot Lee Shetterly,"Shetterly, Margot Lee",,,,5,William Morrow Paperbacks,Paperback,349,2016,2016,11/25/2020,10/2/2020,,,read,,,,1,0
2122,The Fountainhead,Ayn Rand,"Rand, Ayn",Leonard Peikoff,,,5,Signet Book,Mass Market Paperback,704,1996,1943,1/4/2021,11/25/2020,,,read,,,,1,0
3041,Applied Economics: Thinking Beyond Stage One,Thomas Sowell,"Sowell, Thomas",,0465081436,9780465081431,5,Basic Books,Hardcover,256,2003,2003,1/29/2021,1/4/2021,,,read,,,,1,0
22529127,Team of Teams: New Rules of Engagement for a Complex World,Stanley McChrystal,"McChrystal, Stanley","Chris Fussell, Tantum Collins, David        Silverman",1591847486,9781591847489,4,Portfolio,Hardcover,304,2015,2015,3/6/2021,1/29/2021,,,read,,,,1,0
36556202,The Coddling of the American Mind: How Good Intentions and Bad Ideas Are Setting up a Generation for Failure,Jonathan Haidt,"Haidt, Jonathan",Greg Lukianoff,0735224900,9780735224902,5,Penguin Press,Kindle Edition,352,2018,2018,11/5/2021,3/6/2021,,,read,,,,1,0
8171378,The Warmth of Other Suns: The Epic Story of America's Great Migration,Isabel Wilkerson,"Wilkerson, Isabel",,0679444327,9780679444329,5,Random House,Hardcover,640,2010,2010,12/12/2021,11/5/2021,,,read,"An important read. It’s painful to hear these stories of racial oppression, but the lesson these histories teach me are incredibly valuable. I liked the way the author used the personal biographies of several to teach the reader of the current events:affairs during their lives. I’m more resolved to be kind, understanding and helpful to those I have the opportunity to interact with. These stories need to be shared more broadly so we can learn to be a better society together. ",,,1,0
7024307,Seven Miracles That Saved America: Why They Matter and Why We Should Have Hope,Chris Stewart,"Stewart, Chris",Ted Stewart,1606411446,9781606411445,4,Shadow Mountain,Hardcover,356,2009,2009,12/12/2021,11/5/2021,,,read,,,,1,0
12158480,"Why Nations Fail: The Origins of Power, Prosperity, and Poverty",Daron Acemoğlu,"Acemoğlu, Daron",James A. Robinson,0307719219,9780307719218,5,Crown Currency,Hardcover,529,2012,2012,12/12/2021,11/5/2021,,,read,,,,1,0
3263607,"The Fellowship of the Ring (The Lord of the Rings, #1)",J.R.R. Tolkien,"Tolkien, J.R.R.",,,,5,Ballantine Books,Mass Market Paperback,527,1973,1954,4/15/2022,5/11/2022,,,read,,,,1,0
222910,"The Two Towers (The Lord of the Rings, #2)",J.R.R. Tolkien,"Tolkien, J.R.R.",,,,5,Ballantine Books,Mass Market Paperback,447,1973,1954,5/11/2022,5/11/2022,,,read,,,,1,0
838729,"The Return of the King (The Lord of the Rings, #3)",J.R.R. Tolkien,"Tolkien, J.R.R.",,0345240340,9780345240347,5,Ballantine Books,Mass Market Paperback,385,1974,1955,7/24/2022,5/11/2022,,,read,,,,1,0
12453178,"Sacred Symbols: Finding Meaning in Rites, Rituals and Ordinances",Alonzo L. Gaskill,"Gaskill, Alonzo L.",,159955965X,9781599559650,4,"Cedar Fort, Incorporated/C F I Distribution",Hardcover,320,2011,2011,8/9/2022,5/11/2022,,,read,,,,1,0
10131648,The Greater Journey: Americans in Paris,David McCullough,"McCullough, David",,1416571760,9781416571766,5,Simon & Schuster Adult Publishing Group,Hardcover,558,2011,2011,8/9/2022,8/9/2022,,,read,,,,1,0
30259180,The Tech-Wise Family: Everyday Steps for Putting Technology in Its Proper Place,Andy Crouch,"Crouch, Andy",,0801018668,9780801018664,4,Baker Books,Hardcover,224,2017,2017,8/15/2022,8/9/2022,,,read,,,,1,0
113576,The Smartest Guys in the Room: The Amazing Rise and Scandalous Fall of Enron,Bethany McLean,"McLean, Bethany",Peter Elkind,1591840538,9781591840534,4,Portfolio Trade,Paperback,440,2004,2003,10/13/2022,10/12/2022,,,read,,,,1,0
54493401,Project Hail Mary,Andy Weir,"Weir, Andy",,0593135202,9780593135204,5,Ballantine Books,Hardcover,476,2021,2021,11/4/2022,10/22/2022,,,read,,,,2,0
57347786,Powers and Thrones: A New History of the Middle Ages,Dan Jones,"Jones, Dan",,198488087X,9781984880871,5,Viking,Hardcover,636,2021,2021,12/2/2022,10/22/2022,,,read,Incredible book that really helps develop a framework for understanding the period of time from the fall of the Romans (and a little before) to the Reformation and Renaissance. Dan Jones is an incredible historian and story teller. Definitely worth reading if you love European history. ,,,1,0
2657,To Kill a Mockingbird,Harper Lee,"Lee, Harper",,0060935464,9780060935467,5,Harper Perennial Modern Classics ,Paperback,323,2006,1960,1/16/2023,12/14/2022,,,read,,,,2,0
30257963,12 Rules for Life: An Antidote to Chaos,Jordan B. Peterson,"Peterson, Jordan B.",,0345816021,9780345816023,4,Random House Canada,Hardcover,409,2018,2018,1/30/2023,12/31/2023,,,read,,,,1,0
3109,The Omnivore's Dilemma: A Natural History of Four Meals,Michael Pollan,"Pollan, Michael",,1594200823,9781594200823,4,The Penguin Press,Hardcover,450,2006,2006,2/4/2023,1/28/2023,,,read,,,,1,0
679418,Cable Cowboy,Mark Robichaux,"Robichaux, Mark",,047170637X,9780471706373,0,Wiley,Paperback,336,2005,2002,2/28/2023,8/11/2018,,,read,,,,1,0
43848929,Talking to Strangers: What We Should Know About the People We Don't Know,Malcolm Gladwell,"Gladwell, Malcolm",,0316478520,9780316478526,4,"Little, Brown and Company",Hardcover,388,2019,2019,4/30/2023,12/31/2023,,,read,,,,1,0
16003806,"The Child Whisperer: The Ultimate Handbook for Raising Happy, Successful, Cooperative Children",Carol Tuttle,"Tuttle, Carol",,9780984402,,3,Live Your Truth Press,Paperback,432,2012,2012,6/25/2023,2/6/2023,,,read,,,,1,0
44318414,The Dutch House,Ann Patchett,"Patchett, Ann",,0062963678,9780062963673,4,Harper,Hardcover,337,2019,2019,6/30/2023,12/31/2023,,,read,,,,1,0
61153739,Outlive: The Science & Art of Longevity,Peter Attia,"Attia, Peter",Bill Gifford,0593236599,9780593236598,5,Harmony,Hardcover,496,2023,2023,7/31/2023,12/31/2023,,,read,,,,1,0
43868109,Empire of Pain: The Secret History of the Sackler Dynasty,Patrick Radden Keefe,"Keefe, Patrick Radden",,0385545681,9780385545686,5,Doubleday,Hardcover,535,2021,2021,8/30/2023,12/31/2023,,,read,,,,1,0
57815392,The Box: How the Shipping Container Made the World Smaller and the World Economy Bigger,Marc Levinson,"Levinson, Marc",,,,4,Princeton University Press,Paperback,544,2016,2006,9/30/2023,12/31/2023,,,read,,,,1,0
18254,Oliver Twist,Charles Dickens,"Dickens, Charles",Philip Horne,,,5,Penguin Books,Paperback,608,2003,1838,10/30/2023,12/31/2023,,,read,,,,1,0
161361,"The Christmas Box (The Christmas Box, #1)",Richard Paul Evans,"Evans, Richard Paul",,0684832356,9780684832357,3,Simon & Schuster,Hardcover,128,1996,1993,12/15/2023,12/31/2023,,,read,,,,1,0
71619,The Emperors of Chocolate: Inside the Secret World of Hershey and Mars,Joël Glenn Brenner,"Brenner, Joël Glenn",,0767904575,9780767904575,5,Broadway Books,Paperback,367,2000,1998,12/29/2023,1/16/2023,,,read,,,,1,0
2199,Team of Rivals: The Political Genius of Abraham Lincoln,Doris Kearns Goodwin,"Goodwin, Doris Kearns",,,,5,Simon & Schuster,Paperback,916,2006,2005,1/28/2024,12/31/2023,,,read,,,,1,0
34066798,A Gentleman in Moscow,Amor Towles,"Towles, Amor",,,,5,Penguin Books,Paperback,495,2019,2016,3/4/2024,2/27/2024,,,read,,,,1,0
4671,The Great Gatsby,F. Scott Fitzgerald,"Fitzgerald, F. Scott",,0743273567,9780743273565,3,Scribner,Paperback,180,2025,1925,3/11/2024,3/4/2024,,,read,,,,1,0
51187948,"The Splendid and the Vile: A Saga of Churchill, Family, and Defiance During the Blitz",Erik Larson,"Larson, Erik",,038534872X,9780385348720,5,Crown ,Kindle Edition,546,2020,2020,3/28/2024,3/11/2024,,,read,,,,1,0
571194,Last Seen Wearing,Hillary Waugh,"Waugh, Hillary",,0330389890,9780330389891,3,Pan,Paperback,272,1999,1952,4/29/2024,12/31/2023,,,read,,,,1,0
8532,Decider,Dick Francis,"Francis, Dick",,042519938X,9780425199381,3,G.P. Putnam's Sons,Mass Market Paperback,341,2004,1993,5/21/2024,4/29/2024,,,read,,,,1,0
7144,Crime and Punishment,Fyodor Dostoevsky,"Dostoevsky, Fyodor","David McDuff, Joseph Frank, Fyodor Dostoyevsky",,,2,Penguin,Paperback,671,2002,1866,5/25/2024,10/12/2022,,,read,"Once you start, it's quite the commitment. I routinely read long books, but russian literature with 5 names for every character is craziness. Someone needs to condense this and replace all nicknames, last name use, etc. with just a single name and then it will be about 400% easier to follow and enjoy. Painful book, I'd recommend the cliff notes to 99% of people vs. reading the book. Took me 1.5 years to read!!",,,1,0
32109569,"We Are Legion (We Are Bob) (Bobiverse, #1)",Dennis E. Taylor,"Taylor, Dennis E.",,,,4,Worldbuilders Press,Kindle Edition,322,2016,2016,6/19/2024,6/16/2024,,,read,,,,1,0
18077903,"Creativity, Inc.: Overcoming the Unseen Forces That Stand in the Way of True Inspiration",Ed Catmull,"Catmull, Ed",Amy    Wallace,0812993012,9780812993011,5,Random House,Hardcover,368,2014,2014,7/5/2024,6/26/2024,,,read,,,,1,0
46263944,"American Sherlock: Murder, Forensics, and the Birth of American CSI",Kate Winkler Dawson,"Dawson, Kate Winkler",,0525539557,9780525539551,4,G.P. Putnam's Sons,Hardcover,336,2020,2020,7/20/2024,7/5/2024,,,read,,,,1,0
213134202,"The Conquer Code: Unlocking Success Through Failure, Faith, and Family",Trevor Farnes,"Farnes, Trevor",,1957616725,9781957616728,5,Fedd Books,Hardcover,232,2024,,7/29/2024,7/20/2024,,,read,,,,1,0
101160634,Making It So,Patrick   Stewart,"Stewart, Patrick",,1982167734,9781982167738,5,Gallery Books,Hardcover,469,2023,2023,8/24/2024,8/21/2024,,,read,,,,1,0
3559,From Beirut to Jerusalem,Thomas L. Friedman,"Friedman, Thomas L.",,0385413726,9780385413725,5,Anchor,Paperback,541,1995,1989,9/19/2024,3/24/2019,,,read,,,,1,0
50623864,The Invisible Life of Addie LaRue,V.E. Schwab,"Schwab, V.E.",Victoria Schwab,0765387565,9780765387561,1,Tor Books,Hardcover,448,2020,2020,9/24/2024,9/12/2024,,,read,,,,1,0
197613612,A Necessary Lie: Escape for Freedom and Love,Doohyun Kim,"Kim, Doohyun",Jiyeon Maeng,,,5,,Kindle Edition,439,2023,,10/6/2024,9/12/2024,,,read,,,,1,0
19057,I Am the Messenger,Markus Zusak,"Zusak, Markus",,,,5,Alfred A. Knopf Borzoi Books,Paperback,357,2006,2002,10/6/2024,10/1/2024,,,read,,,,1,0
153747,"Moby-Dick or, The Whale",Herman Melville,"Melville, Herman","Andrew Delbanco, Tom Quirk",0142437247,9780142437247,4,Penguin Classics ,Paperback,720,2003,1851,11/25/2024,9/24/2024,,,read,,,,1,0
19063,The Book Thief,Markus Zusak,"Zusak, Markus",,,,5,Alfred A. Knopf,Kindle Edition,592,2006,2005,12/10/2024,11/25/2024,,,read,,,,1,0
18774964,A Man Called Ove,Fredrik Backman,"Backman, Fredrik",Henning Koch,1476738017,9781476738017,5,Atria Books,Hardcover,337,2014,2012,12/19/2024,12/12/2024,,,read,,,,1,0
196848596,Good Energy: The Surprising Connection Between Metabolism and Limitless Health,Casey Means,"Means, Casey",Calley Means,0593712641,9780593712641,5,Avery,Hardcover,400,2024,2024,1/10/2025,1/9/2025,,,read,,,,1,0
60465539,Muppets in Moscow: The Unexpected Crazy True Story of Making Sesame Street in Russia,Natasha Lance Rogoff,"Rogoff, Natasha Lance",,1538161281,9781538161289,5,Rowman & Littlefield Publishers,Hardcover,267,2022,2022,1/14/2025,1/9/2025,,,read,,,,1,0
32301946,Churchill and Orwell: The Fight for Freedom,Thomas E. Ricks,"Ricks, Thomas E.",,1594206139,9781594206139,5,Penguin Pr,Hardcover,352,2017,2017,2/4/2025,1/27/2025,,,read,,,,1,0
40611510,The Last Lecture,Randy Pausch,"Pausch, Randy",Jeffrey Zaslow,,,5,Hachette Books,Kindle Edition,217,2008,2008,2/10/2025,2/6/2025,,,read,,,,1,0
16121,"Titan: The Life of John D. Rockefeller, Sr.",Ron Chernow,"Chernow, Ron",,1400077303,9781400077304,5,Vintage,Paperback,832,2004,1998,3/4/2025,7/14/2019,,,read,,,,1,0
3561809,Ayn Rand and the World She Made,Anne C. Heller,"Heller, Anne C.",,0385513992,9780385513999,5,Nan A. Talese,Hardcover,568,2009,2009,3/21/2025,3/7/2025,,,read,,,,1,0
30659,Meditations,Marcus Aurelius,"Aurelius, Marcus",Martin Hammond,0140449337,9780140449334,4,Penguin Books,Paperback,254,2006,180,3/27/2025,3/21/2025,,,read,,,,1,0
21787,The Princess Bride,William Goldman,"Goldman, William",,0345418263,9780345418265,5,Ballantine Books,Paperback,429,2003,1973,3/28/2025,8/11/2018,,,read,,,,1,0
213034913,Source Code: My Beginnings,Bill  Gates,"Gates, Bill",,059380158X,9780593801581,5,Knopf,Hardcover,336,2025,2025,4/10/2025,3/28/2025,,,read,,,,1,0
171681821,The Anxious Generation: How the Great Rewiring of Childhood Caused an Epidemic of Mental Illness,Jonathan Haidt,"Haidt, Jonathan",,0593655036,9780593655030,4,Penguin Press,Hardcover,385,2024,2024,4/24/2025,3/21/2025,,,read,,,,1,0
4069,Man's Search for Meaning,Viktor E. Frankl,"Frankl, Viktor E.","Ilse Lasch, William J. Winslade, Harold S. Kushner",080701429X,9780807014295,4,Beacon Press,Paperback,165,2006,1946,4/29/2025,12/31/2024,,,read,,,,1,0
43821581,The Only Plane in the Sky: An Oral History of 9/11,Garrett M. Graff,"Graff, Garrett M.",,,,5,Simon & Schuster Audio ,Audible Audio,16,2019,2019,5/15/2025,5/14/2025,,,read,,,,1,0
24861842,The Food Lab: Better Home Cooking Through Science,J. Kenji López-Alt,"López-Alt, J. Kenji",,0393081087,9780393081084,5,Norton,Hardcover,958,2015,2015,5/23/2025,3/12/2025,,,read,,,,1,0
32191710,Astrophysics for People in a Hurry,Neil deGrasse Tyson,"Tyson, Neil deGrasse",,0393609391,9780393609394,5,W. W. Norton & Company,Hardcover,223,2017,2017,5/28/2025,5/23/2025,,,read,,,,1,0
23878688,The 5 Love Languages: The Secret to Love That Lasts,Gary Chapman,"Chapman, Gary",,0802492401,9780802492401,5,Northfield Publishing,Kindle Edition,232,2024,1990,5/29/2025,5/28/2025,,,read,,,,1,0
98685,Genius: The Life and Science of Richard Feynman,James Gleick,"Gleick, James",,0679747044,9780679747048,5,Vintage,Paperback,531,1993,1993,6/17/2025,11/28/2024,,,read,,,,1,0
34536488,Principles: Life and Work,Ray Dalio,"Dalio, Ray",Jeremy Bobb,1508243247,9781508243243,5,Simon & Schuster Audio,Audio CD,16,2017,2017,6/25/2025,6/17/2025,,,read,"An excellent system for life and work. Well written, concise enough, and a plethora of great ideas to internalize. There is so much here that merits re-reading and referencing. We all benefit from Ray’s clear approach to thinking through how to boil down the key levers to repeatable success. Definitely recommend this book to any business owner. ",,,1,0
126061,The Double Helix,James D. Watson,"Watson, James D.",,0451037707,9780451037701,5,Signet Books,Paperback,143,1969,1968,7/7/2025,6/17/2025,,,read,,,,1,0
33282947,See You in the Cosmos,Jack Cheng,"Cheng, Jack",,0399186379,9780399186370,5,Dial Books,Hardcover,315,2017,2017,7/8/2025,6/28/2025,,,read,,,,1,0
449573,The Theory of Everything: The Origin and Fate of the Universe,Stephen W. Hawking,"Hawking, Stephen W.",,0641587716,9780641587719,3,New Millennium Entertainment,Unknown Binding,176,2002,2002,7/22/2025,7/10/2025,,,read,,,,1,0
3869,A Brief History of Time,Stephen W. Hawking,"Hawking, Stephen W.",,0553380168,9780553380163,4,Bantam Books,Paperback,226,1998,1988,7/29/2025,7/22/2025,,,read,,,,1,0
43982455,The Ruthless Elimination of Hurry: How to Stay Emotionally Healthy and Spiritually Alive in the Chaos of the Modern World,John Mark Comer,"Comer, John Mark",John Ortberg,0525653090,9780525653097,5,WaterBrook,Hardcover,286,2019,2019,7/30/2025,7/29/2025,,,read,,,,1,0
113934,The Goal: A Process of Ongoing Improvement,Eliyahu M. Goldratt,"Goldratt, Eliyahu M.",Jeff Cox,0884271781,9780884271789,5,North River Press,Paperback,384,2004,,8/5/2025,4/7/2025,,,read,,,,1,0
20518872,"The Three-Body Problem (Remembrance of Earth’s Past, #1)",Liu Cixin,"Cixin, Liu",Ken Liu,,,4,Tor Books,Hardcover,472,2014,2006,8/18/2025,7/23/2025,,,read,,,,1,0
122933326,The Personal MBA,Josh Kaufman,"Kaufman, Josh",,,,5,Generic,Paperback,496,,,9/3/2025,8/28/2025,,,read,,,,1,0
204640542,Henry V: The Astonishing Triumph of England's Greatest Warrior King,Dan Jones,"Jones, Dan",,0593652738,9780593652732,5,Viking,Hardcover,432,2024,2024,9/17/2025,9/3/2025,,,read,,,,1,0
211004113,"The Purpose Code: How to unlock meaning, maximize happiness, and leave a lasting legacy",Jordan Grumet,"Grumet, Jordan",,1804090859,9781804090855,5,Harriman House,Hardcover,224,2025,,9/27/2025,9/17/2025,,,read,,,,1,0
35167685,"""Surely You're Joking, Mr. Feynman!"": Adventures of a Curious Character",Richard P. Feynman,"Feynman, Richard P.","Ralph Leighton, Edward Hutchings, Bill Gates",0393355624,9780393355628,5,W. W. Norton & Company,Paperback,400,2018,1985,10/2/2025,6/28/2025,,,read,,,,1,0
9418327,Bossypants,Tina Fey,"Fey, Tina",,,,4,Reagan Arthur Books,ebook,283,2011,2011,10/7/2025,10/2/2025,,,read,,,,1,0
7445,The Glass Castle,Jeannette Walls,"Walls, Jeannette",,074324754X,9780743247542,4,Scribner,Paperback,288,2005,2005,10/17/2025,8/11/2018,,,read,,,,1,0
38820046,21 Lessons for the 21st Century,Yuval Noah Harari,"Harari, Yuval Noah",,0525512179,9780525512172,2,Random House,Hardcover,372,2018,2018,10/28/2025,10/17/2025,,,read,,,,1,0
9969571,"Ready Player One (Ready Player One, #1)",Ernest Cline,"Cline, Ernest",,030788743X,9780307887436,5,Crown Publishers,Hardcover,480,2011,2011,11/4/2025,11/3/2025,,,read,,,,1,0
669,Capitalism: The Unknown Ideal,Ayn Rand,"Rand, Ayn","Nathaniel Branden, Alan Greenspan, Robert Hessen",0451147952,9780451147950,5,Signet,Mass Market Paperback,340,1986,1946,11/6/2025,10/28/2025,,,read,,,,1,0
3872,A History of the World in 6 Glasses,Tom Standage,"Standage, Tom",,0802715524,9780802715524,5,Bloomsbury,Paperback,336,2006,2005,11/13/2025,9/3/2025,,,read,,,,1,0
14935,Sense and Sensibility,Jane Austen,"Austen, Jane",Ros Ballaster,0141439661,9780141439662,5,Penguin Books,Paperback,409,2003,1811,11/25/2025,11/13/2025,,,read,,,,1,0
50398,Northanger Abbey,Jane Austen,"Austen, Jane",Alfred Mac Adam,1593082649,9781593082642,3,Barnes & Noble Classics,Paperback,260,2005,1817,12/2/2025,11/25/2025,,,read,,,,1,0
42201868,How to Become a Federal Criminal: An Illustrated Handbook for the Aspiring Offender,Mike Chase,"Chase, Mike",,1982112514,9781982112516,4,Atria Books,Hardcover,320,2019,2019,12/9/2025,12/2/2025,,,read,,,,1,0
6969,Emma,Jane Austen,"Austen, Jane",Fiona Stafford,,,4,Penguin Books,Paperback,474,2003,1815,12/13/2025,12/2/2025,,,read,,,,1,0
219446263,My Next Breath,Jeremy Renner,"Renner, Jeremy",,1250383536,9781250383532,5,Flatiron Books,Hardcover,224,2025,2025,12/17/2025,12/9/2025,,,read,,,,1,0
45032,Mansfield Park,Jane Austen,"Austen, Jane","Charles Edmund Brock, Kathryn Sutherland",,,3,Penguin Books,Paperback,488,2003,1814,1/13/2026,12/17/2025,,,read,,,,1,0
2156,Persuasion,Jane Austen,"Austen, Jane","Deidre Shauna Lynch, James Kinsley",0192802631,9780192802637,5,Oxford University Press,Paperback,249,2004,1817,2/2/2026,1/23/2026,,,read,,,,1,0
211399783,"The Thinking Machine: Jensen Huang, Nvidia, and the World's Most Coveted Microchip",Stephen   Witt,"Witt, Stephen",,0593832698,9780593832691,5,Viking,Hardcover,272,2025,2025,2/15/2026,2/2/2026,,,read,,,,1,0
848514,Critical Chain,Eliyahu M. Goldratt,"Goldratt, Eliyahu M.",,0884271536,9780884271536,5,The North River Press,Paperback,246,2002,1997,3/6/2026,12/9/2025,,,read,,,,1,0
7235533,"The Way of Kings (The Stormlight Archive, #1)",Brandon Sanderson,"Sanderson, Brandon",,0765326353,9780765326355,5,Tor Books,Hardcover,1007,2010,2010,3/28/2026,3/26/2025,,,read,,,,1,0
17332218,"Words of Radiance (The Stormlight Archive, #2)",Brandon Sanderson,"Sanderson, Brandon",,0765326361,9780765326362,5,Tor Books,Hardcover,1088,2014,2014,4/16/2026,3/28/2026,,,read,,,,1,0
13425638,It Worked for Me: In Life and Leadership,Colin Powell,"Powell, Colin",Tony Koltz,0062135147,9780062135148,5,Harper,ebook,304,2012,2012,4/18/2026,4/17/2026,,,read,,,,1,0
112974860,How to Know a Person: The Art of Seeing Others Deeply and Being Deeply Seen,David  Brooks,"Brooks, David",,059323006X,9780593230084,5,Random House,Kindle Edition,306,2023,2023,4/20/2026,4/11/2025,,,read,,,,1,0
34002132,"Oathbringer (The Stormlight Archive, #3)",Brandon Sanderson,"Sanderson, Brandon",,,,5,Tor Books,Hardcover,1248,2017,2017,5/15/2026,4/30/2026,,,read,,,,1,0
6667514,The Checklist Manifesto: How to Get Things Right,Atul Gawande,"Gawande, Atul",,0805091742,9780805091748,5,Metropolitan Books,Hardcover,208,2009,2009,5/22/2026,2/17/2026,,,read,,,,1,0
2715,Salt: A World History,Mark Kurlansky,"Kurlansky, Mark",,0142001619,9780142001615,5,Penguin Books,Paperback,484,2003,2002,6/3/2026,10/19/2025,,,read,,,,1,0
61918856,Assyria: The Rise and Fall of the World’s First Empire,Eckart Frahm,"Frahm, Eckart",,1541674405,9781541674400,3,Basic Books,Hardcover,528,2023,2023,6/3/2026,2/14/2026,,,read,,,,1,0
38390751,The Infinite Game,Simon Sinek,"Sinek, Simon",,073521350X,9780735213500,5,Portfolio,Hardcover,251,2019,2017,6/9/2026,2/27/2026,,,read,,,,1,0
34703445,"Edgedancer (The Stormlight Archive, #2.5)",Brandon Sanderson,"Sanderson, Brandon",,1250166543,9781250166548,5,Tor Books,Hardcover,272,2017,2016,7/3/2026,7/1/2026,,,read,,,,1,0
124950497,Ikigai: The Japanese Secret to a Long and Happy Life,Héctor  García,"García, Héctor",Francesc Miralles,,,3,,Unknown Binding,208,2017,2016,7/19/2026,7/19/2026,,,read,,,,1,0
101160707,"The Mysterious Case of Rudolf Diesel: Genius, Power, and Deception on the Eve of World War I",Douglas Brunt,"Brunt, Douglas",,1982169907,9781982169909,4,Atria Books,Kindle Edition,384,2023,2023,7/19/2026,4/30/2026,,,read,,,,1,0
222376657,The History of Money: A Story of Humanity,David McWilliams,"McWilliams, David",Michael Lewis,1250408180,9781250408181,5,Henry Holt and Co.,Hardcover,416,2025,2024,8/8/2026,2/14/2026,,,read,,,,1,0
54860184,"A Brief History of Motion: From the Wheel, to the Car, to What Comes Next",Tom Standage,"Standage, Tom",,1635573610,9781635573619,5,Bloomsbury Publishing,Hardcover,272,2021,2021,8/12/2026,6/3/2026,,,read,,,,1,0
45733318,What It Takes: Lessons in the Pursuit of Excellence,Stephen A. Schwarzman,"Schwarzman, Stephen A.",,1508279144,9781508279143,5,Simon & Schuster Audio,Audio CD,400,2019,2019,8/12/2026,7/2/2026,,,read,,,,1,0
101025305,Romney: A Reckoning,McKay Coppins,"Coppins, McKay",,1982196238,9781982196233,5,Scribner,ebook,416,2023,2023,8/22/2026,8/12/2026,,,read,,,,1,0
125063314,Be Useful: Seven Tools for Life,Arnold Schwarzenegger,"Schwarzenegger, Arnold",,0593655958,9780593655955,5,Penguin Press,Hardcover,288,2023,2023,9/5/2026,9/3/2026,,,read,,,,1,0
944652,Poor Charlie's Almanack: The Wit and Wisdom of Charles T. Munger,Charles T. Munger,"Munger, Charles T.",Peter E. Kaufman,157864366X,9781578643660,5,Donning Co Pub,Hardcover,512,2006,2005,9/12/2026,9/13/2025,,,read,,,,1,0
5470,1984,George Orwell,"Orwell, George",,,,5,New American Library,Mass Market Paperback,328,1950,1949,,8/11/2018,,,read,,,,2,0
1885,Pride and Prejudice,Jane Austen,"Austen, Jane",Anna Quindlen,1441341706,9781441341709,5,Modern Library,Paperback,279,2023,1813,,8/11/2018,,,read,,,,2,0
57007687,"The Bomber Mafia: A Dream, a Temptation, and the Longest Night of the Second World War",Malcolm Gladwell,"Gladwell, Malcolm",,0316309850,9780316309851,2,"Little, Brown and Company",Hardcover,320,2021,2021,,4/29/2024,,,read,,,,2,0
2054761,The Snowball: Warren Buffett and the Business of Life,Alice Schroeder,"Schroeder, Alice",,0553805096,9780553805093,0,Bantam Books,Hardcover,960,2008,2008,,10/6/2024,,,read,,,,1,0
100915,"The Lion, the Witch and the Wardrobe (Chronicles of Narnia, #1)",C.S. Lewis,"Lewis, C.S.","Per Svein Paulsen, Tormod Haugen",,,0,HarperCollins Publishers,Paperback,206,2005,1950,,5/11/2022,,,read,,,,1,0
26156469,Never Split the Difference: Negotiating As If Your Life Depended On It,Chris Voss,"Voss, Chris",Tahl Raz,0062407805,9780062407801,0,Harper Business,Hardcover,274,2016,2016,,11/5/2021,,,read,,,,1,0
3023,Basic Economics: A Citizen's Guide to the Economy,Thomas Sowell,"Sowell, Thomas",,0465081452,9780465081455,0,Basic Books,Hardcover,448,2003,2000,,11/5/2021,,,read,,,,1,0
54860451,"Be Where Your Feet Are: Seven Principles to Keep You Present, Grounded, and Thriving",Scott M. O'Neil,"O'Neil, Scott M.",,1250769876,9781250769879,0,St. Martin's Essentials,Hardcover,272,2021,,,11/5/2021,,,read,,,,1,0
18077875,Essentialism: The Disciplined Pursuit of Less,Greg McKeown,"McKeown, Greg",,0804137382,9780804137386,0,Crown Currency,Hardcover,260,2014,2011,,12/31/2020,,,read,,,,1,0
39863447,"Loonshots: How to Nurture the Crazy Ideas That Win Wars, Cure Diseases, and Transform Industries",Safi Bahcall,"Bahcall, Safi",,1250185963,9781250185969,0,St. Martin's Press,Hardcover,368,2019,2019,,12/31/2020,,,read,,,,1,0
42389,"Band of Brothers: E Company, 506th Regiment, 101st Airborne from Normandy to Hitler's Eagle's Nest",Stephen E. Ambrose,"Ambrose, Stephen E.",,0743464117,9780743464116,0,Simon & Schuster,Paperback,432,2002,1992,,3/24/2019,,,read,,,,1,0
10883,Benjamin Franklin: An American Life,Walter Isaacson,"Isaacson, Walter",,074325807X,9780743258074,5,Simon & Schuster,Paperback,586,2004,2003,,9/19/2019,,,read,,,,1,0
18929854,All Creatures Great and Small (All Creatures Great and Small #1-2),James Herriot,"Herriot, James",,1250057833,9781250057839,0,Griffin,Paperback,442,2014,1970,,8/11/2018,,,read,,,,1,0
231804,The Outsiders,S.E. Hinton,"Hinton, S.E.",,0670532576,9780670532575,0,Puffin Books (US/CAN),Mass Market Paperback,208,1997,1967,,8/11/2018,,,read,,,,1,0
5907,"The Hobbit, or There and Back Again",J.R.R. Tolkien,"Tolkien, J.R.R.","Douglas A. Anderson, Michael Hague, Jemima Catlin",,,0,Houghton Mifflin,Paperback,366,2002,1937,,8/11/2018,,,read,,,,1,0
7613,Animal Farm,George Orwell,"Orwell, George","Ann Patchett, Téa Obreht",,,0,Plume,Paperback,129,2003,1945,,8/11/2018,,,read,,,,1,0
136251,"Harry Potter and the Deathly Hallows (Harry Potter, #7)",J.K. Rowling,"Rowling, J.K.",,,,0,Arthur A. Levine Books,Hardcover,759,2007,2007,,8/11/2018,,,read,,,,1,0
1,"Harry Potter and the Half-Blood Prince (Harry Potter, #6)",J.K. Rowling,"Rowling, J.K.",,,,0,Scholastic Inc,Paperback,652,2006,2005,,8/11/2018,,,read,,,,1,0
2,"Harry Potter and the Order of the Phoenix (Harry Potter, #5)",J.K. Rowling,"Rowling, J.K.",Mary GrandPré,0439686520,9780439686525,0,Scholastic Inc.,Paperback,576,2004,2003,,8/11/2018,,,read,,,,1,0
6,"Harry Potter and the Goblet of Fire (Harry Potter, #4)",J.K. Rowling,"Rowling, J.K.",Mary GrandPré,0439139597,9780439139595,0,Scholastic,Paperback,734,2002,2000,,8/11/2018,,,read,,,,1,0
5,"Harry Potter and the Prisoner of Azkaban (Harry Potter, #3)",J.K. Rowling,"Rowling, J.K.",Mary GrandPré,043965548X,9780439655484,0,Scholastic Inc.,Mass Market Paperback,547,2004,1999,,8/11/2018,,,read,,,,1,0
15881,"Harry Potter and the Chamber of Secrets (Harry Potter, #2)",J.K. Rowling,"Rowling, J.K.",Mary GrandPré,,,0,Arthur A. Levine Books,Hardcover,341,1999,1998,,8/11/2018,,,read,,,,1,0
3,"Harry Potter and the Sorcerer's Stone (Harry Potter, #1)",J.K. Rowling,"Rowling, J.K.",,0439554934,9780439554930,0,Scholastic Inc,Hardcover,309,2003,1997,,8/11/2018,,,read,,,,1,0
18007564,The Martian,Andy Weir,"Weir, Andy",,0804139024,9780804139021,0,Crown Publishers,Hardcover,369,2014,2011,,8/11/2018,,,read,,,,1,0
5306,Travels with Charley: In Search of America,John Steinbeck,"Steinbeck, John",,0142000701,9780142000700,0,Penguin,Paperback,214,2002,1961,,8/11/2018,,,read,,,,1,0
16130,Alexander Hamilton,Ron Chernow,"Chernow, Ron",,,,0,Penguin Books,Paperback,818,2005,2004,,8/11/2018,,,read,,,,1,0
16158542,The Boys in the Boat: Nine Americans and Their Epic Quest for Gold at the 1936 Berlin Olympics,Daniel James Brown,"Brown, Daniel James",,067002581X,9780670025817,0,Viking,Hardcover,404,2013,2013,,8/11/2018,,,read,,,,1,0
7170627,The Emperor of All Maladies: A Biography of Cancer,Siddhartha Mukherjee,"Mukherjee, Siddhartha",,,,5,Scribner,Hardcover,472,2010,2010,,8/11/2018,,,read,,,,1,0
27276428,The Gene: An Intimate History,Siddhartha Mukherjee,"Mukherjee, Siddhartha",,,,4,Scribner,Hardcover,592,2016,2016,,8/11/2018,,,read,,,,1,0
1301788,Ancient Rome: The Rise and Fall of An Empire,Simon Baker,"Baker, Simon",,1846072840,9781846072840,3,BBC Physical Audio,Paperback,447,2007,2006,,8/11/2018,,,read,,,,1,0
1067,1776,David McCullough,"McCullough, David",,0743226720,9780743226721,0,Simon  Schuster,Paperback,386,2006,2005,,8/11/2018,,,read,,,,1,0
2203,John Adams,David McCullough,"McCullough, David",,0743223136,9780743223133,0,Simon & Schuster Paperbacks,Paperback,751,2001,2001,,8/11/2018,,,read,,,,1,0
2367,Brave Companions: Portraits in History,David McCullough,"McCullough, David",,,,0,Simon Schuster,Paperback,240,1992,1991,,8/11/2018,,,read,,,,1,0
76865,Good to Great: Why Some Companies Make the Leap... and Others Don't,Jim Collins,"Collins, Jim",,0066620996,9780066620992,0,Harper Business,Hardcover,300,2001,2001,,8/11/2018,,,read,,,,1,0
27220736,Shoe Dog: A Memoir by the Creator of Nike,Phil Knight,"Knight, Phil",,1501135910,9781501135910,0,Scribner,Hardcover,400,2016,2016,,8/11/2018,,,read,,,,1,0
3228917,Outliers: The Story of Success,Malcolm Gladwell,"Gladwell, Malcolm",,0316017922,9780316017923,0,"Little, Brown and Company",Hardcover,309,2008,2008,,8/11/2018,,,read,,,,1,0
15751404,"David and Goliath: Underdogs, Misfits, and the Art of Battling Giants",Malcolm Gladwell,"Gladwell, Malcolm",,0316204366,9780316204361,0,"Little, Brown and Company",Hardcover,305,2013,2013,,8/11/2018,,,read,,,,1,0
31572231,An Economic History of the World since 1400,Donald J. Harreld,"Harreld, Donald J.",,,,0,The Great Courses,Audible Audio,25,2016,2016,,8/11/2018,,,read,,,,1,0
5890,The Woman in White,Wilkie Collins,"Collins, Wilkie",Matthew Sweet,,,0,Penguin Classics,Paperback,672,2003,1859,,8/11/2018,,,read,,,,1,0
2279,Truman,David McCullough,"McCullough, David",,0671869205,9780671869205,0,Simon  Schuster,Paperback,1120,1993,1992,,8/11/2018,,,read,,,,1,0
40718726,Genghis Khan and the Making of the Modern World,Jack Weatherford,"Weatherford, Jack",,,,0,Broadway Books,Kindle Edition,352,2018,2004,,8/11/2018,,,read,,,,1,0
45546,Undaunted Courage: The Pioneering First Mission to Explore America's Wild Frontier,Stephen E. Ambrose,"Ambrose, Stephen E.",,074347788X,9780743477888,0,Simon & Schuster,Paperback,592,2003,1996,,8/11/2018,,,read,,,,1,0
139069,Endurance: Shackleton's Incredible Voyage,Alfred Lansing,"Lansing, Alfred",,,,0,Carroll & Graf Publishers,Hardcover,282,1999,1959,,8/11/2018,,,read,,,,1,0
27213329,Grit: The Power of Passion and Perseverance,Angela Duckworth,"Duckworth, Angela",,1443442313,9781443442312,0,Collins,Hardcover,277,2016,2016,,8/11/2018,,,read,,,,1,0
,,,,,,,,,,,,,,,,,,,,,,
